,City,Country,Max Temp,Current Description,Lat,Lng,Hotel Name
0,Port Alfred,ZA,60.19,moderate rain,-33.5906,26.891,The Halyards Hotel
1,Pauini,BR,87.3,overcast clouds,-7.7136,-66.9764,Casa do Kiwliks
2,Port Alfred,ZA,60.19,moderate rain,-33.5906,26.891,The Halyards Hotel
3,Pauini,BR,87.3,overcast clouds,-7.7136,-66.9764,Casa do Kiwliks
5,Samarai,PG,82.9,few clouds,-10.6167,150.6667,Nuli Sapi
6,Kermanshah,IR,63.73,clear sky,34.3142,47.065,Sina Hotel
7,Yatou,CN,67.17,clear sky,37.15,122.3833,GreenTree Hotel Rongcheng Bus Station
8,Touros,BR,76.66,scattered clouds,-5.1989,-35.4608,INN NEW HORIZON
15,Pisco,PE,62.65,overcast clouds,-13.7,-76.2167,Hotel San Isidro Oficial
16,Puerto Ayora,EC,66.54,overcast clouds,-0.7393,-90.3518,Finch Bay Galapagos Hotel
18,Christchurch,NZ,68.32,overcast clouds,-43.5333,172.6333,The George
20,Hilo,US,88.29,scattered clouds,19.7297,-155.09,Hilo Hawaiian Hotel
22,Sassari,IT,67.78,few clouds,40.7272,8.5603,Hotel Marini
24,Kaeo,NZ,63.32,overcast clouds,-35.1,173.7833,Bushido Lodge
27,Avarua,CK,77.05,light rain,-21.2078,-159.775,Paradise Inn
29,Bethel,US,68.31,clear sky,41.3712,-73.414,Courtyard by Marriott Danbury
31,Hobart,AU,61.05,overcast clouds,-42.8794,147.3294,St Ives Hobart Accommodation Tasmania
34,Vaini,TO,82.56,broken clouds,-21.2,-175.2,Keleti Beach Resort
37,Rikitea,PF,68.16,scattered clouds,-23.1203,-134.9692,People ThankYou
38,Faanui,PF,78.1,clear sky,-16.4833,-151.75,Bora-Bora Pearl Beach Resort & Spa
39,Atuona,PF,76.08,light rain,-9.8,-139.0333,Villa Enata
40,Sinnamary,GF,80.11,clear sky,5.3833,-52.95,ALETHEIA Appartement Sinnamary
42,Halifax,CA,62.49,mist,44.6453,-63.5724,Hotel Halifax
43,Lianran,CN,60.46,clear sky,24.9227,102.485,ÂçäÂ≤õÈÖíÂ∫ó
48,New Norfolk,AU,60.71,overcast clouds,-42.7826,147.0587,The Shingles Riverside Cottages
50,Mascali,IT,73.2,broken clouds,37.7558,15.1959,B&B Alhambra
51,Cape Town,ZA,60.39,clear sky,-33.9258,18.4232,"Radisson Blu Hotel Waterfront, Cape Town"
52,Port Hedland,AU,77.05,clear sky,-20.3167,118.5667,The Esplanade Hotel
54,Butaritari,KI,82.15,few clouds,3.0707,172.7902,Isles Sunset Lodge
56,East London,ZA,65.95,moderate rain,-33.0153,27.9116,Tu Casa
59,Alpiarca,PT,61.9,clear sky,39.2571,-8.5819,Quinta da Torre
60,Cidreira,BR,63.82,broken clouds,-30.1811,-50.2056,Hotel Castelo
61,Presidencia Roque Saenz Pena,AR,74.68,few clouds,-26.7852,-60.4388,Hotel Gualok
66,Saint-Philippe,RE,65.79,scattered clouds,-21.3585,55.7679,Le four √† pain
67,Esfarayen,IR,61.81,clear sky,37.0765,57.5101,ÿØŸÅÿ™ÿ± ÿßÿ≤ÿØŸàÿßÿ¨ 65 : ÿ≥ÿ±ÿØŸÅÿ™ÿ± ÿßÿ®ÿ±ÿßŸá€åŸÖ ÿ®ÿ±ÿ∫ŸÖÿØ€å
69,Bud,US,62.67,scattered clouds,39.447,-86.1758,Ted McQuinn Trust
71,Arsenyev,RU,62.37,clear sky,44.1631,133.2733,ArsHostel on Kalininskaya 18
76,Saint-Pierre,RE,65.88,broken clouds,-21.3393,55.4781,Alize Plage
77,Westport,US,71.42,clear sky,41.1415,-73.3579,The Westport Inn
78,Faya,SA,63.34,clear sky,18.3851,42.4509,ÿßŸÖŸÑÿßŸÉ ÿÆÿßŸÑÿØ ÿßŸÑÿ¥ÿπÿ¥Ÿàÿπ
80,Vila Franca Do Campo,PT,68.2,overcast clouds,37.7167,-25.4333,Pestana Bahia Praia
82,Kavaratti,IN,81.28,broken clouds,10.5669,72.642,Green leaf
85,Dakar,SN,77.88,light rain,14.6937,-17.4441,Novotel Dakar
91,Saint Joseph,US,68.56,few clouds,39.7686,-94.8466,Whiskey Mansion Inn
92,Acapulco,MX,84.02,scattered clouds,16.8634,-99.8901,HS Hotsson Smart Acapulco
96,Fomboni,KM,76.32,clear sky,-12.28,43.7425,Auberge les abou
97,Georgetown,MY,81.9,thunderstorm,5.4112,100.3354,Cititel Penang
100,Hithadhoo,MV,82.11,broken clouds,-0.6,73.0833,Scoop Guest House
101,Ribeira Grande,PT,70.81,overcast clouds,38.5167,-28.7,Quinta da Meia Eira
105,Hede,CN,70.38,broken clouds,33.7681,120.2517,Vienna 3 Best Hotel Sheyang Jiefang Rd
107,San Fernando,PH,81.0,overcast clouds,15.0286,120.6898,Maharlika Hostel
110,Praia Da Vitoria,PT,68.25,few clouds,38.7333,-27.0667,Hotel Branco I
112,Ponta Do Sol,PT,70.72,few clouds,32.6667,-17.1,Hotel do Campo
117,Bahia Honda,CU,75.24,moderate rain,22.9036,-83.1592,Casa Gualberto - Deysi
118,Porto Seguro,BR,73.09,broken clouds,-16.4497,-39.0647,Porto C√°lem Praia Hotel
119,Palmer,US,61.86,scattered clouds,42.1584,-72.3287,Wedgewood Motel
123,Dabeiba,CO,73.6,overcast clouds,7.0017,-76.2672,Hotel cactus 2
124,Hasaki,JP,79.21,clear sky,35.7333,140.8333,Inubosaki Kanko Hotel
125,Sao Filipe,CV,77.36,scattered clouds,14.8961,-24.4956,Hotel Xaguate
126,Cap Malheureux,MU,69.48,overcast clouds,-19.9842,57.6142,Pereybere Hotel & Spa
128,Whittlesea,ZA,60.62,overcast clouds,-32.1759,26.8244,Eddie's Nest B&B
131,Carnarvon,AU,68.22,clear sky,-24.8667,113.6333,Hospitality Carnarvon
133,Bandar-E Lengeh,IR,84.78,clear sky,26.5579,54.8807,⁄©ÿßŸÅ€å ŸÜÿ™ Ÿæÿßÿ±ÿ≥
136,Pangkalanbuun,ID,77.92,overcast clouds,-2.6833,111.6167,Grand Kecubung Hotel
138,Mandurah,AU,60.91,clear sky,-32.55,115.7,Atrium Hotel Mandurah
139,Alyangula,AU,84.96,few clouds,-13.8483,136.4192,Groote Eylandt Lodge
141,Santa Rosa,PH,85.1,overcast clouds,14.3122,121.1114,Erlyn‚Äôs Sta Rosa City Home
144,Kapaa,US,86.11,clear sky,22.0752,-159.319,Sheraton Kauai Coconut Beach Resort
145,Kaitangata,NZ,61.0,moderate rain,-46.2817,169.8464,Kaitangata Motor Camp
147,Vila Velha,BR,73.35,broken clouds,-20.3297,-40.2925,Hotel Vit√≥ria Palace
150,Yairipok,IN,66.45,scattered clouds,24.6667,94.0667,Ningthounai
151,Nouakchott,MR,78.73,broken clouds,18.0858,-15.9785,HOTEL IMAN
152,Mahebourg,MU,70.09,broken clouds,-20.4081,57.7,Shandrani Beachcomber Resort & Spa
154,Morondava,MG,73.58,few clouds,-20.2833,44.2833,La Case Bambou
155,Concordia,AR,62.78,clear sky,-31.393,-58.0209,Palmar Hotel Casino
157,Muroto,JP,77.76,scattered clouds,33.2833,134.15,Oota Ryokan
158,Banjar,ID,79.77,overcast clouds,-8.19,114.9675,The Hamsa Resort
159,Kavieng,PG,85.14,broken clouds,-2.5744,150.7967,Nusa Island Retreat
161,Ketchikan,US,61.27,light rain,55.3422,-131.6461,Snow's Cove Lodge
163,Vaitape,PF,78.13,clear sky,-16.5167,-151.75,Conrad Bora Bora Nui
164,Kathu,TH,86.76,overcast clouds,7.9178,98.3332,Novotel Phuket Resort
165,Muisne,EC,73.92,overcast clouds,0.6,-80.0333,Quinta Samay
166,Katsuura,JP,75.22,clear sky,35.1333,140.3,Katsuura Hotel Mikazuki
167,Da Nang,VN,80.58,heavy intensity rain,16.0678,108.2208,Grand Mercure Danang
168,Honiara,SB,85.57,moderate rain,-9.4333,159.95,Heritage Park Hotel
170,Pingshan,CN,81.32,broken clouds,22.9938,114.7131,Island Skylight Resort
172,Shingu,JP,76.95,scattered clouds,33.7333,135.9833,Shingu UI Hotel
173,Srandakan,ID,77.52,overcast clouds,-7.9386,110.2506,Puri Brata
174,Coari,BR,87.04,broken clouds,-4.085,-63.1414,Dellrey Hotel Center
175,Isangel,VU,84.31,broken clouds,-19.55,169.2667,Tanna Lodge
178,Terrace,CA,62.51,overcast clouds,54.5163,-128.6035,Northern Motor Inn
179,Sterling,US,68.79,scattered clouds,39.0062,-77.4286,Hampton Inn & Suites Washington-Dulles International Airport
180,Tamandare,BR,74.14,scattered clouds,-8.7597,-35.1047,Pousada 100 Passos
181,Mombetsu,JP,69.82,few clouds,44.3525,143.3525,Okhotsk Palace Hotel
184,Whitehorse,CA,61.57,broken clouds,60.7161,-135.0538,The Sternwheeler Hotel & Conference Centre
186,Kieta,PG,84.9,overcast clouds,-6.2167,155.6333,Uruna Bay Retreat
191,Corvallis,US,89.1,clear sky,44.5646,-123.262,Hilton Garden Inn Corvallis
192,Green River,US,79.2,clear sky,41.5286,-109.4662,Hampton Inn & Suites Green River
193,Dzidzantun,MX,78.93,scattered clouds,21.25,-89.05,Hacienda San Francisco Tzacalha
195,Salalah,OM,78.89,broken clouds,17.0151,54.0924,"HAMDAN PLAZA HOTEL SALALAH, an HTG Hotel"
196,Alpinopolis,BR,71.02,overcast clouds,-20.8636,-46.3881,Hotel Ventania
198,Korla,CN,65.28,clear sky,41.7597,86.1469,Gulisitan Hotel
199,Kalmunai,LK,77.58,broken clouds,7.4167,81.8167,VS Villa
200,Victoria,HK,85.32,broken clouds,22.2855,114.1577,Mini Central
201,Natal,BR,80.82,clear sky,-5.795,-35.2094,Villa Park Hotel | Natal
202,Port Hardy,CA,66.38,scattered clouds,50.6996,-127.4199,Airport Inn-Port Hardy
205,Mount Isa,AU,83.97,clear sky,-20.7333,139.5,ibis Styles Mt Isa Verona
206,Matamoros,MX,84.31,broken clouds,25.5333,-103.25,Quinta Belem
207,Ballina,AU,75.78,overcast clouds,-28.8667,153.5667,Ramada Hotel & Suites by Wyndham Ballina Byron
208,Banda Aceh,ID,78.84,overcast clouds,5.5577,95.3222,OYO 884 Rumoh PMI Hotel
209,Anan,JP,76.78,scattered clouds,33.9167,134.65,Royal Garden Hotel
210,Arraial Do Cabo,BR,69.76,overcast clouds,-22.9661,-42.0278,Pousada Porto Praia
213,Bom Jesus Da Lapa,BR,82.51,scattered clouds,-13.255,-43.4181,Hotel das Na√ß√µes
214,Manadhoo,MV,81.72,scattered clouds,5.7667,73.3833,Bon Abri maldives
215,Souillac,MU,70.18,broken clouds,-20.5167,57.5167,Shanti Maurice Resort & Spa
216,Anaconda,US,76.19,clear sky,46.1285,-112.9423,Trade Wind Motel
219,Coahuayana,MX,82.92,broken clouds,18.7333,-103.6833,El rranchito michuacan de ocampos
221,Fortuna,US,60.98,few clouds,40.5982,-124.1573,Super 8 by Wyndham Fortuna
222,Along,IN,68.74,broken clouds,28.1667,94.7667,Hotel West
223,Qui Nhon,VN,74.91,heavy intensity rain,13.7667,109.2333,Seagull Hotel
226,Emerald,AU,78.35,clear sky,-23.5333,148.1667,The Irish Village
228,Sheridan,US,75.69,clear sky,44.8333,-106.9173,Comfort Inn & Suites
229,Acajutla,SV,80.11,scattered clouds,13.5928,-89.8275,CASA DE LA PERRA
232,Mareeba,AU,81.48,clear sky,-17.0,145.4333,Trinity Plains Tourist Park
233,Barranca,PE,60.46,broken clouds,-10.75,-77.7667,El Olivar Hospedaje
234,Gat,IL,77.4,clear sky,31.61,34.7642,OlusHome
235,Ugoofaaru,MV,81.66,scattered clouds,5.6667,73.0,Ungoofaaru Inn
236,Bonthe,SL,73.51,overcast clouds,7.5264,-12.505,Bonthe Holiday Village
237,Itoman,JP,86.02,broken clouds,26.1247,127.6694,Southern Beach Hotel & Resort Okinawa
239,Guerrero Negro,MX,79.43,clear sky,27.9769,-114.0611,"Casa Laguna, Bed & Breakfast"
240,Fort-Shevchenko,KZ,63.1,broken clouds,44.5086,50.263,Oasis hotel Bautino
241,Namibe,AO,65.23,broken clouds,-15.1961,12.1522,Hotel Chik Chik Namibe
243,Kashi,CN,65.41,clear sky,39.4547,75.9797,Â∏ïÁ±≥Â∞îÈùíÂπ¥ÊóÖËàç
246,Bandarbeyla,SO,77.09,overcast clouds,9.4942,50.8122,JABIR HOTEL
249,Jalor,IN,78.67,scattered clouds,25.35,72.6167,Hotel Mansarovar
250,Gorele,TR,66.69,clear sky,41.0308,39.0031,G√∂rele √ñƒüretmenevi
251,Palu,ID,80.53,overcast clouds,-0.8917,119.8707,Hotel Santika Palu
252,Saint-Georges,GD,81.82,overcast clouds,12.0564,-61.7485,Radisson Grenada Beach Resort
253,Gigmoto,PH,82.33,overcast clouds,13.7796,124.39,Cj's Travellers Inn
254,Richards Bay,ZA,70.52,broken clouds,-28.783,32.0377,BON Hotel Waterfront Richards Bay
255,Kamsack,CA,60.15,few clouds,51.5667,-101.9009,Liquor Store Kamsack & Woodlander Hotel
258,Morgan City,US,84.0,broken clouds,29.6994,-91.2068,Hampton Inn & Suites Morgan City
259,Tuy Hoa,VN,75.81,light rain,13.0833,109.3,CenDeluxe Hotel Tuy Hoa
261,Tabou,CI,75.29,overcast clouds,4.423,-7.3528,hot√™l doufoulougou
262,Gorontalo,ID,82.69,broken clouds,0.5412,123.0595,Maqna Hotel by Prasanthi
263,Nishihara,JP,85.28,broken clouds,26.1842,127.7558,Minshuku Agaihama
265,Naze,JP,81.52,broken clouds,28.3667,129.4833,Shishime Hotel
266,Padang,ID,75.25,overcast clouds,-0.9492,100.3543,Mercure Padang
267,Kizukuri,JP,71.53,overcast clouds,40.8061,140.3861,Kashiwa Roman-s≈ç
268,Iwaki,JP,75.78,clear sky,37.05,140.8833,Toyoko Inn Iwaki Ekimae
269,Yulara,AU,66.04,broken clouds,-25.2406,130.9889,Desert Gardens Hotel - Ayers Rock Resort
272,Bathsheba,BB,79.41,broken clouds,13.2167,-59.5167,Atlantis Hotel
273,San Jose,US,84.22,clear sky,37.3394,-121.895,The Westin San Jose
275,Yinchuan,CN,67.19,overcast clouds,38.4681,106.2731,JJ Inns - Yinchuan New Moon Square Branch
277,Ayagoz,KZ,65.66,overcast clouds,47.9714,80.4392,Gostinitsa Nur
278,Contamana,PE,84.99,broken clouds,-7.3333,-75.0167,Shiringal Touristic Park
280,Maceio,BR,75.25,scattered clouds,-9.6658,-35.7353,Hotel Ponta Verde Macei√≥
281,Saint-Leu,RE,67.03,broken clouds,-21.15,55.2833,La Caz Oceane
283,Los Llanos De Aridane,ES,67.12,overcast clouds,28.6585,-17.9182,Valle Aridane
285,Yenagoa,NG,72.3,overcast clouds,4.9247,6.2642,Aridolf Resort Wellness and Spa
290,Galle,LK,78.6,scattered clouds,6.0367,80.217,Amangalla
294,Taveta,KE,64.87,scattered clouds,-3.3963,37.6736,Challa Hotel
295,Port Macquarie,AU,70.9,broken clouds,-31.4333,152.9167,Rydges Port Macquarie
296,Kasongo,CD,74.1,overcast clouds,-4.45,26.6667,Guest H√¥tel
297,New Ulm,US,62.92,clear sky,44.3125,-94.4605,Best Western Plus New Ulm
303,Mahibadhoo,MV,82.74,broken clouds,3.7833,72.9667,Omadhoo Inn
305,Abha,SA,66.02,clear sky,18.2164,42.5053,Abha Hotel
306,Kon Tum,VN,67.66,moderate rain,14.35,108.0,Hoa ƒë√† spa- homestay
309,Basco,PH,82.53,scattered clouds,20.4487,121.9702,Nathaniel's Lodge
310,Pitimbu,BR,75.79,few clouds,-7.4706,-34.8086,Reserva do Abia√≠
311,Slave Lake,CA,64.38,clear sky,55.2834,-114.769,Super 8 by Wyndham Slave Lake AB
312,Monaco-Ville,FR,66.24,clear sky,43.731,7.4248,Le M√©ridien Beach Plaza
313,Peniche,PT,62.08,clear sky,39.3558,-9.3811,Hotel Star inn Peniche
314,Xiamen,CN,83.25,broken clouds,24.4798,118.0819,Xiamen Dongchen Hotel
317,Indramayu,ID,80.78,broken clouds,-6.3264,108.32,Grand Trisula Hotel
318,Quatre Cocos,MU,69.91,light rain,-20.2078,57.7625,Sunrise Attitude Hotel
319,Razole,IN,75.02,overcast clouds,16.4833,81.8333,Sterling Palavelli Godavari
322,Moron,AR,66.0,few clouds,-34.6534,-58.6198,Hotel Mor√≥n
323,Ahuimanu,US,87.51,clear sky,21.4447,-157.8378,Paradise Bay Resort
325,Nong Ki,TH,73.51,overcast clouds,14.6868,102.538,‡∏ö‡πâ‡∏≤‡∏ô‡πÄ‡∏û‡πá‡∏ä‡∏£‡∏à‡∏≥‡∏õ‡∏≤
327,San Juan,AR,68.25,scattered clouds,-31.5375,-68.5364,Hotel Provincial
329,Caravelas,BR,72.18,overcast clouds,-17.7125,-39.2481,Pousada dos Navegantes
330,Estelle,US,87.8,broken clouds,29.8458,-90.1067,Ohio
331,Buraydah,SA,72.05,clear sky,26.326,43.975,M√∂venpick Qassim
332,Korhogo,CI,70.63,overcast clouds,9.45,-5.6333,H√¥tel Tchinbota
334,Noumea,NC,82.38,clear sky,-22.2763,166.4572,H√¥tel Le Lagon
335,Kawerau,NZ,61.11,broken clouds,-38.1,176.7,Tui Cottage
337,Nantucket,US,66.99,clear sky,41.2835,-70.0995,Jared Coffin House
338,Kununurra,AU,85.98,broken clouds,-15.7667,128.7333,Hotel Kununurra
341,Fenyi,CN,76.57,clear sky,27.8112,114.6681,Jinhao Hotel
342,Jiazi,CN,79.75,broken clouds,22.8779,116.067,Hotel Jin Hao
345,Port Elizabeth,ZA,62.89,overcast clouds,-33.918,25.5701,39 On Nile Guest House
346,Camabatela,AO,63.37,overcast clouds,-8.1881,15.375,Com√©rcio e Presta√ß√£o de Servi√ßos
347,Muli,MV,81.45,broken clouds,2.9167,73.5667,Medhufushi Island Resort
348,Ishigaki,JP,82.53,few clouds,24.3448,124.1572,Hotel Peace Land Ishigakijima
349,Huarmey,PE,62.01,scattered clouds,-10.0681,-78.1522,Hotel Miramar
351,Kontagora,NG,71.26,light rain,10.3999,5.4695,Queens Guest Inn
352,Torbay,CA,61.27,overcast clouds,47.6666,-52.7314,Gallows Cove
354,Fayaoue,NC,76.24,scattered clouds,-20.65,166.5333,Chez Dydyce Guesthouse
356,Bhimunipatnam,IN,76.51,overcast clouds,17.8833,83.4333,Bheemili Court
358,Long,TH,75.52,scattered clouds,18.0761,99.8326,Nopphakoe Homestay
359,Terracina,IT,62.35,scattered clouds,41.2863,13.2217,Grand Hotel Palace
362,Chardara,KZ,62.69,scattered clouds,41.2547,67.9692,–ñ–∞–Ω–∞—Ä–≥—É–ª
363,Sabzevar,IR,61.88,clear sky,36.2126,57.6819,Ÿæÿ≤ÿ¥⁄©€å ŸÇÿßŸÜŸàŸÜ€å ÿ≥ÿ®ÿ≤Ÿàÿßÿ±
364,Soe,ID,77.11,overcast clouds,-9.8607,124.284,Dena Hotel
365,Batticaloa,LK,78.42,scattered clouds,7.7102,81.6924,Grand Star Guest House
366,Antalaha,MG,66.31,few clouds,-14.9003,50.2788,Hotel Vitasoa
368,Atambua,ID,82.24,broken clouds,-9.1061,124.8925,Ros Muskanan
370,La Maddalena,IT,68.16,clear sky,41.2142,9.4083,Hotel Il Gabbiano
372,Camacha,PT,65.62,broken clouds,33.0833,-16.3333,Hotel Porto Santo & Spa
374,Tuburan,PH,80.69,broken clouds,6.6439,122.2736,GT Site
375,Pakala,IN,75.61,broken clouds,13.4667,79.1167,ViswanathBollineni guesthouse @
380,Weihai,CN,67.5,clear sky,37.5017,122.1136,Beihai Travel Resort
381,San Isidro,PE,61.02,overcast clouds,-12.1167,-77.05,Radisson Hotel Decapolis Miraflores
382,Catamarca,AR,72.07,clear sky,-28.4696,-65.7852,Amerian Catamarca Park Hotel
383,Lompoc,US,78.94,scattered clouds,34.6391,-120.4579,"Holiday Inn Express Lompoc, an IHG Hotel"
384,Tual,ID,81.7,overcast clouds,-5.6667,132.75,Grand Vilia Hotel
385,Outlook,CA,72.23,clear sky,51.5001,-107.0513,Red Wheel Motel
386,Pangai,TO,78.91,broken clouds,-19.8,-174.35,Ha'apai Beach Resort
387,Hamilton,US,62.73,clear sky,39.1834,-84.5333,Six Acres Bed & Breakfast
388,Gazi,GR,64.2,few clouds,35.3253,25.0669,Sun Hotel
394,Strathmore,CA,79.36,scattered clouds,51.0501,-113.3852,Wheatland Hotel
395,San Ramon,US,88.02,clear sky,37.7799,-121.978,San Ramon Marriott
396,Santa Marinella,IT,67.91,broken clouds,42.0345,11.8536,"VILLA GREGORACI - b & b, guest houses, Santa Marinella"
397,Bengkulu,ID,76.37,broken clouds,-3.8004,102.2655,Grage Hotel Bengkulu
399,Kishni,IN,77.13,clear sky,27.0247,79.2634,‡§∂‡•ç‡§∞‡•Ä ‡§Ü‡§Ç‡§®‡§¶ ‡§ó‡•ç‡§∞‡•Å‡§™
406,Beipiao,CN,63.66,clear sky,41.7919,120.7792,Beipiao Hotel
407,Sarangani,PH,83.84,overcast clouds,5.4033,125.4636,JVL Inn and Cafeteria
410,Cuamba,MZ,74.26,scattered clouds,-14.8031,36.5372,Hotel Vision
416,Cayenne,GF,80.64,clear sky,4.9333,-52.3333,H√¥tel Le Dronmi
419,Curvelo,BR,80.46,few clouds,-18.7564,-44.4308,Pontal Plaza Hotel
423,Sao Joao Da Barra,BR,73.49,broken clouds,-21.6403,-41.0511,Pousada Porto De Canoas
424,Pemberton,CA,76.69,broken clouds,50.3164,-122.8027,Pemberton Valley Lodge
425,Kirakira,SB,85.1,scattered clouds,-10.4544,161.9205,SanBiz Lodge
426,Pleasanton,US,88.52,clear sky,37.6624,-121.8747,Four Points by Sheraton Pleasanton
427,Grimshaw,CA,71.22,broken clouds,56.1834,-117.6027,Coast Grimshaw Hotel & Suites
429,Bambous Virieux,MU,70.05,light rain,-20.3428,57.7575,Casa Tia Villa
430,Katherine,AU,86.32,scattered clouds,-14.4667,132.2667,Pine Tree Motel
431,Khash,IR,66.02,clear sky,28.2211,61.2158,ÿÆŸàÿßÿ®⁄ØÿßŸá ÿ¢ÿ®ÿ¨€å ŸÖÿ≠ÿØÿ´Ÿá
432,Bindura,ZW,64.87,few clouds,-17.3019,31.3306,Mayfair Lodges and Restaurant
433,Taunggyi,MM,61.38,clear sky,20.7833,97.0333,True Treasure Hotel
435,Nagato,JP,67.32,moderate rain,34.3833,131.2,„ÅÑ„Åù„ÅÜÂ∫µ
437,Dhidhdhoo,MV,82.53,scattered clouds,6.8833,73.1,Dhidhoo beach
438,Barela,IN,72.21,broken clouds,23.1,80.05,Jain uttam Mistan bhandar
442,Rio Pomba,BR,70.59,overcast clouds,-21.2747,-43.1792,San Marino Hotel
443,Pringsewu,ID,77.36,overcast clouds,-5.3582,104.9744,Urban Style by Front One
448,Itabira,BR,68.45,broken clouds,-19.6192,-43.2269,Premium Executive Hotel
449,Wenling,CN,73.09,overcast clouds,28.3669,121.36,Hanting Express Wenling Wanchang North Road
450,Pekan,MY,77.11,overcast clouds,3.4836,103.3996,Pekan Budget Hotel
452,San Cristobal,VE,75.38,broken clouds,7.7669,-72.225,Pirineos
455,Eyl,SO,77.5,broken clouds,7.9803,49.8164,Amiin Hotel
456,Harqalah,TN,78.66,broken clouds,36.0303,10.509,Dar Khadija
457,Portel,BR,76.51,broken clouds,-1.9356,-50.8211,Kitnet do Marcos
458,Ahipara,NZ,64.45,broken clouds,-35.1667,173.1667,Ahipara Holiday Park
460,Lagoa,PT,69.87,overcast clouds,39.05,-27.9833,Casa Das Faias
461,Iralaya,HN,80.62,overcast clouds,15.0,-83.2333,Iglesia morava renovada
466,Porto Murtinho,BR,73.65,broken clouds,-21.6989,-57.8825,Hotel Pantanal
467,Iaciara,BR,80.91,broken clouds,-14.0958,-46.6317,Hotel Matinha
468,Iwanai,JP,67.66,overcast clouds,42.9744,140.5089,„ÅÑ„Çè„Å™„ÅÑÈ´òÂéü„Éõ„ÉÜ„É´
470,Hobyo,SO,76.15,scattered clouds,5.3505,48.5268,Halane Hotel and Restaurent
474,Piacabucu,BR,73.17,few clouds,-10.4056,-36.4344,Pia√ßabu√ßu News
475,Aksu,CN,66.18,clear sky,41.1231,80.2644,Pudong Holiday Hotel
477,Roswell,US,73.18,clear sky,34.0232,-84.3616,La Quinta Inn & Suites by Wyndham Atlanta Roswell
480,Mackay,AU,82.69,clear sky,-21.15,149.2,International Lodge Motel
481,La Plaine,DM,76.64,light rain,15.3333,-61.25,Citrus Creek Plantation
483,Manado,ID,84.97,few clouds,1.487,124.8455,Aryaduta Hotel
484,Alofi,NU,73.9,moderate rain,-19.0595,-169.9187,Taloa Heights
485,Parana,AR,67.51,clear sky,-31.732,-60.5238,Howard Johnson by Wyndham Plaza Hotel Mayorazgo
489,Nabire,ID,81.68,overcast clouds,-3.3667,135.4833,Hotel Nusantara I
491,Tura,IN,72.07,overcast clouds,25.5198,90.2201,Hotel RIKMAN Continental
494,Vanimo,PG,83.61,broken clouds,-2.6741,141.3028,Vahmoneh Lodge Vanimo
495,Itarema,BR,78.53,broken clouds,-2.9248,-39.9167,"Sea Lounge! Bar, Club & Restaurant"
496,Shimoda,JP,75.56,few clouds,34.6667,138.95,Shimoda Tokyu Hotel
497,Cockburn Town,TC,82.65,broken clouds,21.4612,-71.1419,Osprey Beach Hotel
498,Riyadh,SA,77.14,clear sky,24.6877,46.7219,"InterContinental Riyadh, an IHG Hotel"
504,Huambo,AO,65.35,light rain,-12.7761,15.7392,Residencial M√£esidencial M√£e Lina
505,Kashan,IR,76.55,clear sky,33.9831,51.4364,Manouchehri Traditional House
506,San-Pedro,CI,74.55,light rain,4.7485,-6.6363,Hotel Maria
509,Grand Gaube,MU,70.2,overcast clouds,-20.0064,57.6608,Veranda Paul et Virginie Hotel & Spa
512,San Vicente De Canete,PE,61.16,few clouds,-13.0751,-76.3835,Hotel Konford
513,Sao Geraldo Do Araguaia,BR,80.06,broken clouds,-6.4006,-48.555,Hotel Por do Sol
515,Bitung,ID,85.05,overcast clouds,1.4451,125.1824,K2 Lembeh
517,Ribas Do Rio Pardo,BR,74.05,light rain,-20.4431,-53.7592,Pousada Avenida
519,Nageshwari,BD,77.18,overcast clouds,25.9377,89.7148,‡¶Ü‡¶∞‡¶æ‡¶ú‡ßÄ ‡¶ï‡ßÅ‡¶Æ‡¶∞‡¶™‡ßÅ‡¶∞ ‡¶ú‡¶æ‡¶Æ‡ßá ‡¶Æ‡¶∏‡¶ú‡¶ø‡¶¶
520,Buin,CL,62.11,overcast clouds,-33.7333,-70.75,Paihuen
521,Canutama,BR,89.96,broken clouds,-6.5339,-64.3831,Endere√ßo Atual- Mauricio da Silva Lima
522,Dicabisagan,PH,82.06,overcast clouds,17.0818,122.4157,Nancy Montanes Bernardo
523,Caucaia,BR,80.55,scattered clouds,-3.7361,-38.6531,M.O.S. Log√≠stica - Filial Fortaleza
524,Begoro,GH,67.86,overcast clouds,6.3871,-0.3774,Sweet Memories Hotel
525,Marawi,PH,77.29,overcast clouds,7.9986,124.2928,Derogongan Residence
527,Saquarema,BR,69.94,overcast clouds,-22.92,-42.5103,Hotel Fazenda Sol e Lua
528,Binzhou,CN,67.42,broken clouds,37.3667,118.0167,Hampton By Hilton Binzhou
529,Lamesa,US,80.53,clear sky,32.7376,-101.951,Shiloh Inn Lamesa
530,Kapit,MY,75.02,overcast clouds,2.0167,112.9333,Hotel Meligai Kapit
531,Haveri,IN,68.94,overcast clouds,14.8,75.4,Shivashakti Palace
532,Sanming,CN,80.65,clear sky,26.2486,117.6186,Sanming Huangting Lijing Hotel
534,Pailitas,CO,78.22,broken clouds,8.9565,-73.6255,HOTEL JECENTER
535,Mehran,IR,79.12,clear sky,33.1222,46.1646,ÿ®Ÿàÿ™€å⁄© ÿ≤ŸÜÿßŸÜŸá ÿ®Ÿáÿßÿ±
538,Wewak,PG,84.85,broken clouds,-3.5534,143.6268,In Wewak Boutique Hotel
539,Teguise,ES,66.42,few clouds,29.0605,-13.564,B&B La Casona de Nazaret
543,Pointe Michel,DM,77.29,broken clouds,15.25,-61.3833,Roseau Hostel & Beach Front Property
545,Santa Isabel,BR,61.9,overcast clouds,-23.3156,-46.2214,Ch√°cara Sombra do Alt√≠ssimo
546,Karratha,AU,74.73,few clouds,-20.7377,116.8463,ibis Styles Karratha
547,Pereira Barreto,BR,69.13,overcast clouds,-20.6383,-51.1092,Hotel Pousada Pantal
548,Itanhaem,BR,66.83,overcast clouds,-24.1831,-46.7889,Prainha Resid√™ncia Art√≠stica
549,Sechura,PE,64.98,scattered clouds,-5.5569,-80.8222,Hospedaje Costa Bella
556,Eslamshahr,IR,72.84,clear sky,35.5605,51.2346,⁄ÜÿßŸæ Ÿà ÿ™ÿ®ŸÑ€åÿ∫ÿßÿ™ ÿ±Ÿà⁄òÿßŸÜ ⁄Øÿ±ÿßŸÅ€å⁄©
557,Knysna,ZA,62.35,overcast clouds,-34.0363,23.0471,Protea by Marriott Hotel Knysna Quays
559,Santa Cruz Cabralia,BR,73.63,broken clouds,-16.2781,-39.0247,Puerto Princesa Inn
561,Olivenza,ES,61.32,clear sky,38.6832,-7.103,Hotel Heredero
562,Neiafu,TO,79.48,broken clouds,-18.65,-173.9833,Mystic Sands Beachfront Accommodation
563,Kloulklubed,PW,81.1,light rain,7.0419,134.2556,Storyboard Beach Resort
564,Gemena,CD,69.91,light rain,3.25,19.7667,H√¥tel Goshen
567,General Pico,AR,60.91,few clouds,-35.6566,-63.7568,Euskadi Hotel
568,Quang Ngai,VN,73.18,very heavy rain,15.1167,108.8,Central Hotel
570,Kalabo,ZM,73.27,broken clouds,-14.97,22.6814,Sikakubete Guest House Kalabo Town Council
572,Masumbwe,TZ,71.37,scattered clouds,-3.6333,32.1833,Ngabanya Logde & Filling Station
575,Asosa,ET,60.66,overcast clouds,10.0667,34.5333,Blendana Hotel Assosa
577,Sorong,ID,79.47,overcast clouds,-0.8833,131.25,Waigo Splash Hotel
578,Sri Aman,MY,77.05,few clouds,1.2376,111.4621,Seri Simanggang Hotel
579,Price,US,81.12,clear sky,39.5994,-110.8107,National 9 - Price River Inn
581,Umm Lajj,SA,88.97,clear sky,25.0213,37.2685,Moon light Furnished Units
582,Casper,US,78.73,clear sky,42.8666,-106.3131,Ramkota Hotel
583,Batemans Bay,AU,60.1,overcast clouds,-35.7167,150.1833,Batemans Bay Marina Resort
584,Pacific Grove,US,73.38,broken clouds,36.6177,-121.9166,Lovers Point Inn
585,Iraucuba,BR,76.78,scattered clouds,-3.7461,-39.7833,Hotel Terra da Amizade
586,Sao Lourenco Do Sul,BR,62.29,broken clouds,-31.3653,-51.9783,Hotel Pousada Verde √Ågua
588,Flinders,AU,65.17,light rain,-34.5833,150.8552,Shellharbour Resort & Conference Centre
590,Kahta,TR,70.97,clear sky,37.7855,38.6237,Kommageneƒ∞Z Hotel
591,Popova,RU,61.48,clear sky,42.9603,131.7228,Baza Otdykha Zvezda
595,Jacareacanga,BR,83.8,broken clouds,-6.2222,-57.7528,Casa do Ianüòé
596,Altamont,US,87.78,few clouds,42.2068,-121.7372,Microtel Inn & Suites by Wyndham Klamath Falls
597,Tegal,ID,78.98,overcast clouds,-6.8694,109.1402,Riez Palace Hotel
599,Ilhabela,BR,67.33,light rain,-23.7781,-45.3581,Ilha Flat Hotel
601,Chabahar,IR,79.74,broken clouds,25.2919,60.643,Ÿáÿ™ŸÑ ⁄ØÿØÿ±Ÿàÿ¥€åÿß
604,Holyoke,US,60.3,scattered clouds,42.2043,-72.6162,"Motel 6 Holyoke, MA"
605,Campobasso,IT,61.41,scattered clouds,41.6333,14.5833,Tre Archi
607,Los Chiles,CR,76.41,light rain,11.0333,-84.7167,Cabinas y Apartamentos Felicia
608,Safford,US,88.72,clear sky,32.834,-109.7076,SpringHill Suites by Marriott Thatcher
609,Sur,OM,79.75,clear sky,22.5667,59.5289,Sur Plaza Hotel
611,Moranbah,AU,77.68,clear sky,-22.0016,148.0466,Property Vine - Monterey Moranbah
612,Charters Towers,AU,81.0,clear sky,-20.1,146.2667,Cattleman's Rest Motor Inn
615,Bentiu,SS,74.5,overcast clouds,9.2333,29.8333,Mandela h√¥tel
617,Pawai,IN,74.84,broken clouds,24.2667,80.1667,J.P Pandey Sachiv
618,Axim,GH,74.75,broken clouds,4.8699,-2.2405,Axim Beach Resort And Spa
620,Mana,GF,80.44,clear sky,5.6592,-53.7767,LE SAMANA
621,Saint-Joseph,RE,64.78,scattered clouds,-21.3667,55.6167,"""Plantation Bed and Breakfast"
622,Anloga,GH,76.64,overcast clouds,5.7947,0.8973,Pin Drop Hotel
623,Melendugno,IT,72.05,scattered clouds,40.2747,18.3368,Alba Bed & Breakfast Melendugno
625,Novo Aripuana,BR,84.74,broken clouds,-5.1206,-60.3797,Hotel Ezequiel
626,Porto Novo,BJ,73.22,moderate rain,6.4965,2.6036,Tour Eiffel Hotel Benin
628,Kiunga,PG,77.38,overcast clouds,-6.1219,141.2906,Airport Lodge Kiunga
629,Nouadhibou,MR,75.18,thunderstorm with light rain,20.931,-17.0347,El Medina
630,Takoradi,GH,74.07,overcast clouds,4.8845,-1.7554,Raybow International Hotel
631,Dickinson,US,89.02,clear sky,29.4608,-95.0513,Hampton Inn & Suites Houston/League City
636,Wanning,CN,76.51,overcast clouds,18.8003,110.3967,Paradise Hotel
637,El Alto,PE,62.26,scattered clouds,-4.2714,-81.2147,Black Marlin Restaurant & Hospedaje
638,Ankpa,NG,70.77,overcast clouds,7.3706,7.6253,AA Suites
640,Naifaru,MV,82.33,scattered clouds,5.4444,73.3657,Naifaru Residence Guest House
641,Linfen,CN,72.03,overcast clouds,36.0889,111.5189,Suoxing Hotel
643,La Orilla,MX,81.63,overcast clouds,17.9833,-102.2333,Baymont by Wyndham Lazaro Cardenas
644,Gallup,US,74.16,clear sky,35.5281,-108.7426,Quality Inn & Suites Gallup I-40 Exit 20
645,Katobu,ID,81.5,broken clouds,-4.9408,122.5276,La Ode Husein
646,Yamada,JP,70.18,broken clouds,39.4667,141.95,Iroha-ya Inn
647,Amarwara,IN,68.83,broken clouds,22.3,79.1667,Prasiya Chat Bhandaar Amareara
649,Gizo,SB,83.53,clear sky,-8.103,156.8419,Imagination Island
653,Nola,IT,67.93,scattered clouds,40.922,14.5329,Palazzo Giordano Bruno
654,Cabedelo,BR,75.87,clear sky,-6.9811,-34.8339,Pousada Camboinha
655,Mercedes,AR,63.79,few clouds,-34.6515,-59.4307,Posada del Inti Centro
658,Alirajpur,IN,71.29,few clouds,22.3031,74.3546,Shree Yatindrasuri Indra Bhavan
659,Lazurne,UA,65.44,overcast clouds,46.084,32.5295,New Manna Hostel
660,Placido De Castro,BR,83.66,clear sky,-10.3353,-67.1856,Hotel Carioca
661,Mendoza,AR,65.73,clear sky,-32.8908,-68.8272,Hotel Mendoza
664,General Roca,AR,62.62,clear sky,-39.0333,-67.5833,Hotel El Recreo
665,Kibakwe,TZ,60.33,scattered clouds,-6.7167,36.3667,Muleba guest house
666,Shenjiamen,CN,74.23,overcast clouds,29.9576,122.298,Jinjiang Inn Zhoushan Putuo Shenjiamen
668,Malakal,SS,73.09,overcast clouds,9.5334,31.6605,Nile Palace Hotel
669,Bubaque,GW,80.64,light rain,11.2833,-15.8333,"Casa Dora, Bubaque"
670,Llanes,ES,63.16,overcast clouds,43.4198,-4.7549,Hotel La Paz
671,Kosai,JP,79.5,scattered clouds,34.7105,137.5316,Hotel Route Inn Hamanako
672,Benguela,AO,70.29,broken clouds,-12.5763,13.4055,Hotel Praia Morena
673,Lorengau,PG,85.8,overcast clouds,-2.0226,147.2712,Lorengau Harbourside Hotel
674,Conceicao Do Araguaia,BR,81.7,clear sky,-8.2578,-49.2647,Tarum√£ Tropical Hotel
676,Snyder,US,82.31,clear sky,32.7179,-100.9176,"Holiday Inn Express & Suites Snyder, an IHG Hotel"
677,Puerto Rico,AR,61.41,scattered clouds,-26.796,-55.024,Hotel Caba√±as del Prado
679,Amahai,ID,82.27,overcast clouds,-3.3333,128.9167,HOTEL ISABELA
680,Nichinan,JP,78.48,scattered clouds,31.6,131.3667,Guest House Aki
681,Vao,NC,72.93,clear sky,-22.6667,167.4833,Hotel Kou-Bugny
682,Jacqueville,CI,75.79,overcast clouds,5.2052,-4.4146,Hotel Le Martin Pecheur
683,Crestview,US,85.24,moderate rain,30.7621,-86.5705,"Holiday Inn Express & Suites Crestview South I-10, an IHG Hotel"
684,Ampanihy,MG,68.81,clear sky,-24.7,44.75,HOTEL SHARRON AMPANIHY OUEST
685,Bang Saphan,TH,79.02,overcast clouds,11.2126,99.5117,Ladawan Boutique Hotel
686,Labuhan,ID,82.56,broken clouds,-6.8844,112.2051,DoubleFAG
687,Arica,CL,60.35,overcast clouds,-18.475,-70.3042,Hostal Jardin Del Sol
688,Columbus,US,61.05,broken clouds,39.9612,-82.9988,DoubleTree Suites by Hilton Hotel Columbus Downtown
689,Asyut,EG,86.41,clear sky,27.181,31.1837,ŸÅŸÜÿØŸÇ ŸÖŸäÿ≥ ÿ•Ÿäÿ¨Ÿäÿ®ÿ™ Miss Egypt Hotel
692,Neuquen,AR,62.49,clear sky,-38.9516,-68.0591,Hotel del Comahue
693,Bowen,AU,78.17,clear sky,-20.0167,148.2333,Castle Motor Lodge Motel
694,Makakilo City,US,86.61,clear sky,21.3469,-158.0858,Marriott's Ko Olina Beach Club
695,Nago,JP,84.63,broken clouds,26.5881,127.9761,Hotel Yugaf Inn Okinawa
696,Manokwari,ID,83.26,broken clouds,-0.8667,134.0833,Swiss Belhotel Manokwari
697,Byron Bay,AU,75.7,overcast clouds,-28.65,153.6167,Backpackers Inn
698,La Libertad,EC,68.47,overcast clouds,-2.2333,-80.9,Playa Canela Hotel Boutique
