,City,Country,Lat,Lng,Max Temp,Humidity,Cloudiness,Wind Speed,Current Description
0,Port Alfred,ZA,-33.5906,26.891,60.19,95,100,8.01,moderate rain
1,Pauini,BR,-7.7136,-66.9764,87.3,41,95,3.65,overcast clouds
2,Port Alfred,ZA,-33.5906,26.891,60.19,95,100,10.0,moderate rain
3,Pauini,BR,-7.7136,-66.9764,87.3,41,95,3.65,overcast clouds
4,Longyearbyen,SJ,78.2186,15.6401,39.04,87,20,0.0,few clouds
5,Samarai,PG,-10.6167,150.6667,82.9,73,22,8.68,few clouds
6,Kermanshah,IR,34.3142,47.065,63.73,28,0,2.06,clear sky
7,Yatou,CN,37.15,122.3833,67.17,71,0,0.74,clear sky
8,Touros,BR,-5.1989,-35.4608,76.66,78,26,15.93,scattered clouds
9,Deputatskiy,RU,69.3,139.9,21.0,95,100,4.16,light snow
10,Ushuaia,AR,-54.8,-68.3,38.86,81,40,26.46,scattered clouds
11,Tuktoyaktuk,CA,69.4541,-133.0374,33.1,70,90,15.32,overcast clouds
12,Coquimbo,CL,-29.9533,-71.3436,53.33,87,0,6.91,clear sky
13,Adrar,MR,20.5022,-10.0711,93.85,24,87,7.38,overcast clouds
14,Khatanga,RU,71.9667,102.5,23.45,98,90,8.77,overcast clouds
15,Pisco,PE,-13.7,-76.2167,62.65,72,100,11.5,overcast clouds
16,Puerto Ayora,EC,-0.7393,-90.3518,66.54,94,97,8.99,overcast clouds
17,Busselton,AU,-33.65,115.3333,54.9,79,1,5.48,clear sky
18,Christchurch,NZ,-43.5333,172.6333,68.32,58,100,5.75,overcast clouds
19,Duldurga,RU,50.6761,113.5931,46.89,63,100,4.21,overcast clouds
20,Hilo,US,19.7297,-155.09,88.29,67,40,11.5,scattered clouds
21,Tasiilaq,GL,65.6145,-37.6368,41.16,91,100,4.14,overcast clouds
22,Sassari,IT,40.7272,8.5603,67.78,60,15,12.59,few clouds
23,Norman Wells,CA,65.282,-126.8329,46.72,69,100,10.38,overcast clouds
24,Kaeo,NZ,-35.1,173.7833,63.32,82,97,12.97,overcast clouds
25,Castro,BR,-24.7911,-50.0119,56.14,96,97,4.18,overcast clouds
26,Henties Bay,NA,-22.116,14.2845,54.39,90,4,9.66,clear sky
27,Avarua,CK,-21.2078,-159.775,77.05,94,75,12.66,light rain
28,Bredasdorp,ZA,-34.5322,20.0403,52.07,91,47,4.94,scattered clouds
29,Bethel,US,41.3712,-73.414,68.31,83,0,3.44,clear sky
30,Hermanus,ZA,-34.4187,19.2345,47.8,84,49,4.97,scattered clouds
31,Hobart,AU,-42.8794,147.3294,61.05,77,100,2.26,overcast clouds
32,Yekaterinovka,RU,52.0508,44.3451,47.1,72,65,5.01,broken clouds
33,Lasa,IT,46.6166,10.7002,49.69,94,99,4.05,overcast clouds
34,Vaini,TO,-21.2,-175.2,82.56,69,75,6.91,broken clouds
35,Chuy,UY,-33.6971,-53.4616,56.98,95,10,4.18,clear sky
36,Petropavlovsk-Kamchatskiy,RU,53.0452,158.6483,48.79,87,100,8.95,light rain
37,Rikitea,PF,-23.1203,-134.9692,68.16,57,34,5.32,scattered clouds
38,Faanui,PF,-16.4833,-151.75,78.1,73,5,14.36,clear sky
39,Atuona,PF,-9.8,-139.0333,76.08,80,34,19.08,light rain
40,Sinnamary,GF,5.3833,-52.95,80.11,83,3,12.97,clear sky
41,Jurado,CO,7.1053,-77.7641,77.68,89,100,3.36,overcast clouds
42,Halifax,CA,44.6453,-63.5724,62.49,97,100,11.5,mist
43,Lianran,CN,24.9227,102.485,60.46,91,0,2.04,clear sky
44,Yerbogachen,RU,61.2767,108.0108,29.98,96,100,6.08,overcast clouds
45,Sisimiut,GL,66.9395,-53.6735,44.17,95,100,3.85,light rain
46,Tazovskiy,RU,67.4667,78.7,27.57,83,99,15.59,overcast clouds
47,Yichun,CN,47.7,128.9,49.93,53,3,2.82,clear sky
48,New Norfolk,AU,-42.7826,147.0587,60.71,79,100,1.99,overcast clouds
49,Jamestown,US,42.097,-79.2353,52.02,76,100,16.11,light rain
50,Mascali,IT,37.7558,15.1959,73.2,86,77,4.09,broken clouds
51,Cape Town,ZA,-33.9258,18.4232,60.39,73,7,1.99,clear sky
52,Port Hedland,AU,-20.3167,118.5667,77.05,14,9,20.71,clear sky
53,Geraldton,AU,-28.7667,114.6,54.01,87,0,4.61,clear sky
54,Butaritari,KI,3.0707,172.7902,82.15,72,23,17.94,few clouds
55,Araouane,ML,18.9048,-3.5265,97.09,17,79,9.4,broken clouds
56,East London,ZA,-33.0153,27.9116,65.95,91,100,19.75,moderate rain
57,Severo-Kurilsk,RU,50.6789,156.125,51.55,76,18,5.7,few clouds
58,Srednekolymsk,RU,67.45,153.6833,36.01,55,70,10.71,broken clouds
59,Alpiarca,PT,39.2571,-8.5819,61.9,81,2,6.98,clear sky
60,Cidreira,BR,-30.1811,-50.2056,63.82,84,77,8.32,broken clouds
61,Presidencia Roque Saenz Pena,AR,-26.7852,-60.4388,74.68,36,12,10.38,few clouds
62,Dikson,RU,73.5069,80.5464,33.04,73,93,13.18,overcast clouds
63,Newport,GB,51.5877,-2.9984,54.63,84,56,15.61,broken clouds
64,Albany,US,42.6001,-73.9662,57.45,88,32,4.76,scattered clouds
65,Sinop,TR,41.7711,34.8709,61.38,34,55,11.65,broken clouds
66,Saint-Philippe,RE,-21.3585,55.7679,65.79,74,43,13.71,scattered clouds
67,Esfarayen,IR,37.0765,57.5101,61.81,57,0,2.64,clear sky
68,Dunedin,NZ,-45.8742,170.5036,58.75,66,100,2.8,overcast clouds
69,Bud,US,39.447,-86.1758,62.67,52,32,11.88,scattered clouds
70,Ayan,RU,56.45,138.1667,42.24,88,100,7.96,light rain
71,Arsenyev,RU,44.1631,133.2733,62.37,65,4,1.88,clear sky
72,Mar Del Plata,AR,-38.0023,-57.5575,59.09,93,96,8.05,overcast clouds
73,Honningsvag,NO,70.9821,25.9704,46.15,76,40,5.75,scattered clouds
74,Qaanaaq,GL,77.484,-69.3632,24.66,79,82,6.76,broken clouds
75,Atar,MR,20.5169,-13.0499,91.06,42,81,6.91,light rain
76,Saint-Pierre,RE,-21.3393,55.4781,65.88,68,75,2.3,broken clouds
77,Westport,US,41.1415,-73.3579,71.42,82,0,19.57,clear sky
78,Faya,SA,18.3851,42.4509,63.34,29,1,5.35,clear sky
79,Punta Arenas,CL,-53.15,-70.9167,41.11,75,0,8.05,clear sky
80,Vila Franca Do Campo,PT,37.7167,-25.4333,68.2,76,100,9.4,overcast clouds
81,Yar-Sale,RU,66.8333,70.8333,28.24,88,71,13.04,broken clouds
82,Kavaratti,IN,10.5669,72.642,81.28,73,56,15.39,broken clouds
83,Warmbad,NA,-28.45,18.7333,51.37,64,0,6.87,clear sky
84,Talcahuano,CL,-36.7167,-73.1167,53.28,94,75,1.14,broken clouds
85,Dakar,SN,14.6937,-17.4441,77.88,77,68,17.98,light rain
86,Kodiak,US,57.79,-152.4072,49.51,66,75,4.61,light rain
87,Tiksi,RU,71.6872,128.8694,32.74,89,100,22.75,light snow
88,Sitka,US,57.0531,-135.33,55.29,94,100,10.36,heavy intensity rain
89,Yellowknife,CA,62.456,-114.3525,50.56,66,84,11.99,broken clouds
90,Upernavik,GL,72.7868,-56.1549,34.29,74,35,7.23,scattered clouds
91,Saint Joseph,US,39.7686,-94.8466,68.56,41,11,4.94,few clouds
92,Acapulco,MX,16.8634,-99.8901,84.02,79,40,5.75,scattered clouds
93,Krasnoselkup,RU,65.7,82.4667,25.34,81,26,10.67,scattered clouds
94,Dongsheng,CN,39.8161,109.9776,59.76,41,97,7.65,overcast clouds
95,Nikolskoye,RU,59.7035,30.7861,46.29,92,100,3.04,overcast clouds
96,Fomboni,KM,-12.28,43.7425,76.32,74,5,14.23,clear sky
97,Georgetown,MY,5.4112,100.3354,81.9,84,40,0.0,thunderstorm
98,Chapais,CA,49.7834,-74.8492,53.38,70,96,3.98,overcast clouds
99,Bluff,NZ,-46.6,168.3333,49.8,92,100,2.86,overcast clouds
100,Hithadhoo,MV,-0.6,73.0833,82.11,73,60,15.41,broken clouds
101,Ribeira Grande,PT,38.5167,-28.7,70.81,70,100,13.22,overcast clouds
102,Barrow,US,71.2906,-156.7887,30.22,80,100,13.8,overcast clouds
103,Yakeshi,CN,49.2833,120.7333,45.43,49,63,6.62,broken clouds
104,Stornoway,GB,58.2093,-6.3865,45.93,86,75,13.8,broken clouds
105,Hede,CN,33.7681,120.2517,70.38,61,84,4.56,broken clouds
106,Usak,TR,38.5,29.4167,57.45,20,80,2.26,broken clouds
107,San Fernando,PH,15.0286,120.6898,81.0,83,100,2.71,overcast clouds
108,Klaksvik,FO,62.2266,-6.589,43.72,90,100,39.97,moderate rain
109,Provideniya,RU,64.3833,-173.3,42.91,93,100,8.99,light intensity shower rain
110,Praia Da Vitoria,PT,38.7333,-27.0667,68.25,83,20,14.83,few clouds
111,Ornskoldsvik,SE,63.2909,18.7153,50.95,93,100,10.36,light intensity drizzle
112,Ponta Do Sol,PT,32.6667,-17.1,70.72,68,21,7.92,few clouds
113,Leh,IN,34.1667,77.5833,44.33,54,0,4.25,clear sky
114,Mehamn,NO,71.0357,27.8492,44.51,93,91,9.22,overcast clouds
115,The Pas,CA,53.8251,-101.2541,53.62,54,20,4.61,few clouds
116,Mataura,NZ,-46.1927,168.8643,49.48,80,100,1.97,light rain
117,Bahia Honda,CU,22.9036,-83.1592,75.24,94,100,14.72,moderate rain
118,Porto Seguro,BR,-16.4497,-39.0647,73.09,86,62,1.28,broken clouds
119,Palmer,US,42.1584,-72.3287,61.86,84,40,3.44,scattered clouds
120,Ayabaca,PE,-4.6398,-79.7149,51.58,71,86,2.77,overcast clouds
121,Ostrovnoy,RU,68.0531,39.5131,37.51,81,100,7.16,overcast clouds
122,Nome,US,64.5011,-165.4064,48.27,71,20,11.5,few clouds
123,Dabeiba,CO,7.0017,-76.2672,73.6,100,100,0.63,overcast clouds
124,Hasaki,JP,35.7333,140.8333,79.21,70,0,12.41,clear sky
125,Sao Filipe,CV,14.8961,-24.4956,77.36,76,47,5.91,scattered clouds
126,Cap Malheureux,MU,-19.9842,57.6142,69.48,66,85,4.0,overcast clouds
127,Evensk,RU,61.95,159.2333,40.21,60,21,1.79,few clouds
128,Whittlesea,ZA,-32.1759,26.8244,60.62,83,93,5.86,overcast clouds
129,Port Hueneme,US,34.1478,-119.1951,97.79,66,0,13.8,clear sky
130,Escanaba,US,45.7453,-87.0646,50.31,88,100,10.36,light rain
131,Carnarvon,AU,-24.8667,113.6333,68.22,30,0,18.75,clear sky
132,Yantal,RU,56.8471,105.2542,31.75,96,100,6.98,overcast clouds
133,Bandar-E Lengeh,IR,26.5579,54.8807,84.78,75,0,16.11,clear sky
134,Narsaq,GL,60.9167,-46.05,46.62,92,100,7.34,light rain
135,Lomza,PL,53.1781,22.0593,52.93,83,63,5.77,broken clouds
136,Pangkalanbuun,ID,-2.6833,111.6167,77.92,86,97,3.53,overcast clouds
137,Margate,GB,51.3813,1.3862,52.7,76,48,8.01,scattered clouds
138,Mandurah,AU,-32.55,115.7,60.91,76,0,4.92,clear sky
139,Alyangula,AU,-13.8483,136.4192,84.96,64,20,11.5,few clouds
140,Beringovskiy,RU,63.05,179.3167,36.61,98,100,18.37,light rain
141,Santa Rosa,PH,14.3122,121.1114,85.1,81,100,4.92,overcast clouds
142,Goderich,CA,43.7501,-81.7165,57.9,87,100,4.61,light rain
143,Vanavara,RU,60.34,102.2797,30.04,94,52,2.01,broken clouds
144,Kapaa,US,22.0752,-159.319,86.11,66,0,10.36,clear sky
145,Kaitangata,NZ,-46.2817,169.8464,61.0,64,100,2.01,moderate rain
146,Thompson,CA,55.7435,-97.8558,44.76,53,20,3.44,few clouds
147,Vila Velha,BR,-20.3297,-40.2925,73.35,87,75,4.0,broken clouds
148,Bose,IT,45.4612,8.0137,55.29,68,56,5.99,broken clouds
149,Havoysund,NO,70.9963,24.6622,46.63,83,56,16.15,broken clouds
150,Yairipok,IN,24.6667,94.0667,66.45,98,50,1.61,scattered clouds
151,Nouakchott,MR,18.0858,-15.9785,78.73,81,81,12.68,broken clouds
152,Mahebourg,MU,-20.4081,57.7,70.09,68,75,11.5,broken clouds
153,Uddevalla,SE,58.3478,11.9424,52.21,95,100,1.99,light rain
154,Morondava,MG,-20.2833,44.2833,73.58,84,11,5.01,few clouds
155,Concordia,AR,-31.393,-58.0209,62.78,63,0,1.99,clear sky
156,Khandyga,RU,62.6667,135.6,38.66,89,100,2.44,overcast clouds
157,Muroto,JP,33.2833,134.15,77.76,81,34,9.33,scattered clouds
158,Banjar,ID,-8.19,114.9675,79.77,69,92,5.68,overcast clouds
159,Kavieng,PG,-2.5744,150.7967,85.14,65,79,12.8,broken clouds
160,Vardo,NO,70.3705,31.1107,42.78,93,78,4.61,broken clouds
161,Ketchikan,US,55.3422,-131.6461,61.27,88,100,8.05,light rain
162,Saint-Augustin,CA,51.226,-58.6502,55.08,99,100,11.21,overcast clouds
163,Vaitape,PF,-16.5167,-151.75,78.13,73,4,14.34,clear sky
164,Kathu,TH,7.9178,98.3332,86.76,81,98,14.61,overcast clouds
165,Muisne,EC,0.6,-80.0333,73.92,83,99,8.37,overcast clouds
166,Katsuura,JP,35.1333,140.3,75.22,70,1,12.97,clear sky
167,Da Nang,VN,16.0678,108.2208,80.58,74,75,3.44,heavy intensity rain
168,Honiara,SB,-9.4333,159.95,85.57,68,24,3.31,moderate rain
169,Saint George,US,37.1041,-113.5841,95.59,14,0,5.75,clear sky
170,Pingshan,CN,22.9938,114.7131,81.32,74,54,3.71,broken clouds
171,Esperance,AU,-33.8667,121.9,55.29,75,0,7.36,clear sky
172,Shingu,JP,33.7333,135.9833,76.95,85,39,6.71,scattered clouds
173,Srandakan,ID,-7.9386,110.2506,77.52,76,90,3.96,overcast clouds
174,Coari,BR,-4.085,-63.1414,87.04,38,59,0.96,broken clouds
175,Isangel,VU,-19.55,169.2667,84.31,79,75,4.61,broken clouds
176,Pevek,RU,69.7008,170.3133,30.81,70,47,2.55,scattered clouds
177,Saldanha,ZA,-33.0117,17.9442,48.25,85,5,6.08,clear sky
178,Terrace,CA,54.5163,-128.6035,62.51,94,100,2.3,overcast clouds
179,Sterling,US,39.0062,-77.4286,68.79,67,40,3.44,scattered clouds
180,Tamandare,BR,-8.7597,-35.1047,74.14,77,39,9.33,scattered clouds
181,Mombetsu,JP,44.3525,143.3525,69.82,68,20,10.36,few clouds
182,Babushkin,RU,51.7122,105.8647,40.03,93,100,6.02,overcast clouds
183,Timra,SE,62.487,17.3257,53.67,87,100,16.11,overcast clouds
184,Whitehorse,CA,60.7161,-135.0538,61.57,63,75,18.41,broken clouds
185,Lebu,CL,-37.6167,-73.65,51.89,93,99,3.83,overcast clouds
186,Kieta,PG,-6.2167,155.6333,84.9,68,95,4.92,overcast clouds
187,College,US,64.8569,-147.8028,47.59,71,100,4.61,light rain
188,Clyde River,CA,70.4692,-68.5914,34.03,93,100,3.44,overcast clouds
189,Laguna,US,38.421,-121.4238,97.09,34,0,6.91,clear sky
190,Chokurdakh,RU,70.6333,147.9167,29.05,77,80,15.26,broken clouds
191,Corvallis,US,44.5646,-123.262,89.1,43,0,9.22,clear sky
192,Green River,US,41.5286,-109.4662,79.2,21,0,3.0,clear sky
193,Dzidzantun,MX,21.25,-89.05,78.93,82,35,5.55,scattered clouds
194,Ulladulla,AU,-35.35,150.4667,58.48,91,100,4.21,overcast clouds
195,Salalah,OM,17.0151,54.0924,78.89,94,75,5.75,broken clouds
196,Alpinopolis,BR,-20.8636,-46.3881,71.02,73,94,2.3,overcast clouds
197,Sangar,RU,63.9242,127.4739,34.29,87,100,5.35,overcast clouds
198,Korla,CN,41.7597,86.1469,65.28,26,0,4.63,clear sky
199,Kalmunai,LK,7.4167,81.8167,77.58,83,53,3.91,broken clouds
200,Victoria,HK,22.2855,114.1577,85.32,72,60,11.99,broken clouds
201,Natal,BR,-5.795,-35.2094,80.82,74,0,12.66,clear sky
202,Port Hardy,CA,50.6996,-127.4199,66.38,72,40,6.91,scattered clouds
203,Hofn,IS,64.2539,-15.2082,40.35,54,97,23.82,overcast clouds
204,Severnyy,RU,50.677,36.5532,53.64,87,0,4.47,clear sky
205,Mount Isa,AU,-20.7333,139.5,83.97,21,1,14.97,clear sky
206,Matamoros,MX,25.5333,-103.25,84.31,42,75,16.11,broken clouds
207,Ballina,AU,-28.8667,153.5667,75.78,67,86,3.27,overcast clouds
208,Banda Aceh,ID,5.5577,95.3222,78.84,75,100,13.69,overcast clouds
209,Anan,JP,33.9167,134.65,76.78,77,41,5.91,scattered clouds
210,Arraial Do Cabo,BR,-22.9661,-42.0278,69.76,88,100,12.66,overcast clouds
211,Husavik,IS,66.0449,-17.3389,38.71,56,48,17.98,scattered clouds
212,Sheboygan,US,43.7333,-87.9334,54.48,79,75,9.22,broken clouds
213,Bom Jesus Da Lapa,BR,-13.255,-43.4181,82.51,35,26,9.48,scattered clouds
214,Manadhoo,MV,5.7667,73.3833,81.72,77,26,16.37,scattered clouds
215,Souillac,MU,-20.5167,57.5167,70.18,68,75,11.5,broken clouds
216,Anaconda,US,46.1285,-112.9423,76.19,28,2,2.15,clear sky
217,Aitape,PG,-3.1374,142.3475,84.88,67,97,5.37,overcast clouds
218,Bayan,CN,46.0833,127.4,55.65,59,5,5.46,clear sky
219,Coahuayana,MX,18.7333,-103.6833,82.92,84,68,3.24,broken clouds
220,Krusevac,RS,43.58,21.3339,59.36,97,100,1.79,light rain
221,Fortuna,US,40.5982,-124.1573,60.98,83,19,5.61,few clouds
222,Along,IN,28.1667,94.7667,68.74,96,77,1.63,broken clouds
223,Qui Nhon,VN,13.7667,109.2333,74.91,91,100,5.41,heavy intensity rain
224,Kaspiysk,RU,42.8816,47.6392,59.18,88,20,8.95,few clouds
225,Craigieburn,AU,-37.6,144.95,57.85,84,75,9.22,broken clouds
226,Emerald,AU,-23.5333,148.1667,78.35,57,9,6.8,clear sky
227,Nizhniy Ingash,RU,56.2,96.53,29.37,94,99,3.36,overcast clouds
228,Sheridan,US,44.8333,-106.9173,75.69,30,0,5.75,clear sky
229,Acajutla,SV,13.5928,-89.8275,80.11,81,49,3.47,scattered clouds
230,Northam,GB,51.0333,-4.2167,55.62,73,82,21.14,broken clouds
231,Olot,ES,42.181,2.4901,54.27,99,26,4.29,scattered clouds
232,Mareeba,AU,-17.0,145.4333,81.48,67,4,7.47,clear sky
233,Barranca,PE,-10.75,-77.7667,60.46,83,51,8.9,broken clouds
234,Gat,IL,31.61,34.7642,77.4,57,0,4.41,clear sky
235,Ugoofaaru,MV,5.6667,73.0,81.66,77,26,16.24,scattered clouds
236,Bonthe,SL,7.5264,-12.505,73.51,91,96,1.86,overcast clouds
237,Itoman,JP,26.1247,127.6694,86.02,74,75,10.36,broken clouds
238,Birjand,IR,32.8663,59.2211,50.47,40,0,9.22,clear sky
239,Guerrero Negro,MX,27.9769,-114.0611,79.43,68,0,12.93,clear sky
240,Fort-Shevchenko,KZ,44.5086,50.263,63.1,68,56,9.46,broken clouds
241,Namibe,AO,-15.1961,12.1522,65.23,69,73,5.53,broken clouds
242,Saskylakh,RU,71.9167,114.0833,28.69,87,92,12.19,overcast clouds
243,Kashi,CN,39.4547,75.9797,65.41,32,0,8.95,clear sky
244,Codrington,AU,-38.2667,141.9667,54.73,91,91,15.46,overcast clouds
245,Marquette,US,46.5333,-87.6335,45.77,92,100,13.87,overcast clouds
246,Bandarbeyla,SO,9.4942,50.8122,77.09,82,85,21.94,overcast clouds
247,Cehegin,ES,38.0924,-1.7985,58.6,50,28,4.88,scattered clouds
248,Paamiut,GL,61.994,-49.6678,43.34,92,100,33.04,moderate rain
249,Jalor,IN,25.35,72.6167,78.67,60,32,4.47,scattered clouds
250,Gorele,TR,41.0308,39.0031,66.69,50,0,6.67,clear sky
251,Palu,ID,-0.8917,119.8707,80.53,79,93,2.24,overcast clouds
252,Saint-Georges,GD,12.0564,-61.7485,81.82,77,100,10.25,overcast clouds
253,Gigmoto,PH,13.7796,124.39,82.33,81,100,7.4,overcast clouds
254,Richards Bay,ZA,-28.783,32.0377,70.52,90,63,11.59,broken clouds
255,Kamsack,CA,51.5667,-101.9009,60.15,44,18,10.54,few clouds
256,Cherskiy,RU,68.75,161.3,33.46,51,14,4.9,few clouds
257,Blackburn,GB,53.75,-2.4833,47.61,90,40,8.3,scattered clouds
258,Morgan City,US,29.6994,-91.2068,84.0,56,65,8.75,broken clouds
259,Tuy Hoa,VN,13.0833,109.3,75.81,88,100,13.47,light rain
260,Taguatinga,BR,-12.3857,-46.5711,80.06,27,17,5.91,few clouds
261,Tabou,CI,4.423,-7.3528,75.29,90,93,6.93,overcast clouds
262,Gorontalo,ID,0.5412,123.0595,82.69,67,82,1.63,broken clouds
263,Nishihara,JP,26.1842,127.7558,85.28,74,75,11.5,broken clouds
264,Aberdeen,GB,57.1437,-2.0981,45.5,81,20,11.5,few clouds
265,Naze,JP,28.3667,129.4833,81.52,77,68,8.12,broken clouds
266,Padang,ID,-0.9492,100.3543,75.25,86,94,2.71,overcast clouds
267,Kizukuri,JP,40.8061,140.3861,71.53,69,100,4.12,overcast clouds
268,Iwaki,JP,37.05,140.8833,75.78,77,7,5.32,clear sky
269,Yulara,AU,-25.2406,130.9889,66.04,30,64,21.85,broken clouds
270,Abramut,RO,47.3167,22.25,57.38,96,100,5.01,overcast clouds
271,Necochea,AR,-38.5473,-58.7368,52.34,86,94,7.74,overcast clouds
272,Bathsheba,BB,13.2167,-59.5167,79.41,89,75,23.02,broken clouds
273,San Jose,US,37.3394,-121.895,84.22,57,0,12.66,clear sky
274,Kysyl-Syr,RU,63.8986,122.7617,31.44,86,100,5.01,overcast clouds
275,Yinchuan,CN,38.4681,106.2731,67.19,47,98,4.43,overcast clouds
276,Tailai,CN,46.3833,123.4,53.31,48,13,5.23,few clouds
277,Ayagoz,KZ,47.9714,80.4392,65.66,33,100,13.82,overcast clouds
278,Contamana,PE,-7.3333,-75.0167,84.99,44,73,2.57,broken clouds
279,Brighton,GB,50.8284,-0.1395,52.93,83,16,10.0,few clouds
280,Maceio,BR,-9.6658,-35.7353,75.25,72,33,9.13,scattered clouds
281,Saint-Leu,RE,-21.15,55.2833,67.03,71,66,3.11,broken clouds
282,Ostersund,SE,63.1792,14.6357,46.85,100,100,8.05,drizzle
283,Los Llanos De Aridane,ES,28.6585,-17.9182,67.12,81,100,20.0,overcast clouds
284,Berlevag,NO,70.8578,29.0864,44.55,81,73,5.75,broken clouds
285,Yenagoa,NG,4.9247,6.2642,72.3,98,99,3.51,overcast clouds
286,Oktyabrskiy,RU,54.4815,53.471,46.38,89,91,1.81,overcast clouds
287,Saint-Cyr-Sur-Loire,FR,47.4,0.6667,52.56,90,0,6.91,clear sky
288,Anadyr,RU,64.75,177.4833,37.9,64,0,11.18,clear sky
289,Kamenka,RU,51.3223,42.7678,50.4,64,100,6.35,overcast clouds
290,Galle,LK,6.0367,80.217,78.6,85,34,11.54,scattered clouds
291,Zeya,RU,53.75,127.2667,36.72,63,81,2.84,broken clouds
292,Avera,US,33.194,-82.5271,74.71,39,22,9.04,few clouds
293,Nioro,GM,13.35,-15.75,74.28,95,95,5.53,overcast clouds
294,Taveta,KE,-3.3963,37.6736,64.87,82,44,2.66,scattered clouds
295,Port Macquarie,AU,-31.4333,152.9167,70.9,64,51,2.66,broken clouds
296,Kasongo,CD,-4.45,26.6667,74.1,65,85,3.13,overcast clouds
297,New Ulm,US,44.3125,-94.4605,62.92,40,0,8.05,clear sky
298,Nizhnyaya Poyma,RU,56.1622,97.1933,28.67,95,99,1.9,overcast clouds
299,Jackson,US,42.4165,-122.8345,95.72,23,0,5.75,clear sky
300,Maniitsoq,GL,65.4167,-52.9,43.36,93,100,25.39,light rain
301,Arman,RU,59.7,150.1667,43.79,56,96,5.91,overcast clouds
302,Muros,ES,42.7762,-9.0603,56.08,89,24,3.13,few clouds
303,Mahibadhoo,MV,3.7833,72.9667,82.74,73,73,16.73,broken clouds
304,Kondinskoye,RU,59.6481,67.41,25.92,90,52,8.28,broken clouds
305,Abha,SA,18.2164,42.5053,66.02,24,3,0.0,clear sky
306,Kon Tum,VN,14.35,108.0,67.66,96,100,1.12,moderate rain
307,Kayerkan,RU,69.3497,87.7602,19.98,85,39,3.49,scattered clouds
308,Hudiksvall,SE,61.729,17.1036,49.03,94,99,5.06,overcast clouds
309,Basco,PH,20.4487,121.9702,82.53,79,31,18.95,scattered clouds
310,Pitimbu,BR,-7.4706,-34.8086,75.79,78,24,14.29,few clouds
311,Slave Lake,CA,55.2834,-114.769,64.38,72,0,0.0,clear sky
312,Monaco-Ville,FR,43.731,7.4248,66.24,52,0,6.91,clear sky
313,Peniche,PT,39.3558,-9.3811,62.08,91,2,18.1,clear sky
314,Xiamen,CN,24.4798,118.0819,83.25,65,75,13.42,broken clouds
315,Gornozavodsk,RU,58.3758,58.3211,25.02,82,15,6.06,few clouds
316,Tanout,NE,14.9709,8.8879,89.46,28,65,8.32,broken clouds
317,Indramayu,ID,-6.3264,108.32,80.78,66,63,9.55,broken clouds
318,Quatre Cocos,MU,-20.2078,57.7625,69.91,78,81,16.64,light rain
319,Razole,IN,16.4833,81.8333,75.02,93,85,1.9,overcast clouds
320,Hanyang,CN,32.1371,105.5126,58.44,95,100,5.5,light rain
321,Bayir,TR,37.2687,28.2167,48.72,37,68,2.06,broken clouds
322,Moron,AR,-34.6534,-58.6198,66.0,72,22,2.91,few clouds
323,Ahuimanu,US,21.4447,-157.8378,87.51,56,0,11.5,clear sky
324,Khani,GE,41.9563,42.9566,42.37,53,3,6.87,clear sky
325,Nong Ki,TH,14.6868,102.538,73.51,93,98,3.44,overcast clouds
326,Moose Factory,CA,51.2585,-80.6094,50.0,87,100,13.8,overcast clouds
327,San Juan,AR,-31.5375,-68.5364,68.25,23,44,9.42,scattered clouds
328,Deer Lake,CA,49.1667,-57.4316,58.86,100,100,2.3,overcast clouds
329,Caravelas,BR,-17.7125,-39.2481,72.18,92,92,6.53,overcast clouds
330,Estelle,US,29.8458,-90.1067,87.8,56,75,11.5,broken clouds
331,Buraydah,SA,26.326,43.975,72.05,26,0,5.95,clear sky
332,Korhogo,CI,9.45,-5.6333,70.63,87,97,3.29,overcast clouds
333,Amga,RU,60.8953,131.9608,34.18,85,100,7.0,overcast clouds
334,Noumea,NC,-22.2763,166.4572,82.38,99,5,10.38,clear sky
335,Kawerau,NZ,-38.1,176.7,61.11,60,73,4.0,broken clouds
336,Ilulissat,GL,69.2167,-51.1,39.22,87,100,3.44,light rain
337,Nantucket,US,41.2835,-70.0995,66.99,72,0,12.66,clear sky
338,Kununurra,AU,-15.7667,128.7333,85.98,58,65,9.22,broken clouds
339,Chowchilla,US,37.123,-120.2602,98.38,23,0,5.75,clear sky
340,Marstal,DK,54.8562,10.5173,53.51,91,100,20.62,light rain
341,Fenyi,CN,27.8112,114.6681,76.57,56,6,2.77,clear sky
342,Jiazi,CN,22.8779,116.067,79.75,78,67,18.32,broken clouds
343,Port Lincoln,AU,-34.7333,135.8667,54.59,59,68,16.64,broken clouds
344,Inuvik,CA,68.3499,-133.7218,36.46,80,75,12.66,broken clouds
345,Port Elizabeth,ZA,-33.918,25.5701,62.89,94,100,16.11,overcast clouds
346,Camabatela,AO,-8.1881,15.375,63.37,94,100,3.27,overcast clouds
347,Muli,MV,2.9167,73.5667,81.45,77,78,14.72,broken clouds
348,Ishigaki,JP,24.3448,124.1572,82.53,78,20,6.91,few clouds
349,Huarmey,PE,-10.0681,-78.1522,62.01,83,39,8.75,scattered clouds
350,Raga,SS,8.4596,25.678,67.03,97,100,3.0,moderate rain
351,Kontagora,NG,10.3999,5.4695,71.26,94,69,3.98,light rain
352,Torbay,CA,47.6666,-52.7314,61.27,95,100,16.11,overcast clouds
353,Pahrump,US,36.2083,-115.9839,97.84,8,1,3.0,clear sky
354,Fayaoue,NC,-20.65,166.5333,76.24,77,29,8.9,scattered clouds
355,Andenes,NO,69.3143,16.1194,49.98,71,100,17.27,overcast clouds
356,Bhimunipatnam,IN,17.8833,83.4333,76.51,87,98,4.12,overcast clouds
357,Manzhouli,CN,49.6,117.4333,44.98,46,61,4.85,broken clouds
358,Long,TH,18.0761,99.8326,75.52,98,46,1.14,scattered clouds
359,Terracina,IT,41.2863,13.2217,62.35,78,39,9.93,scattered clouds
360,Burnie,AU,-41.0667,145.9167,55.94,73,97,9.24,overcast clouds
361,Rawson,AR,-43.3002,-65.1023,54.91,36,57,20.4,broken clouds
362,Chardara,KZ,41.2547,67.9692,62.69,35,37,10.87,scattered clouds
363,Sabzevar,IR,36.2126,57.6819,61.88,55,0,11.5,clear sky
364,Soe,ID,-9.8607,124.284,77.11,47,98,1.77,overcast clouds
365,Batticaloa,LK,7.7102,81.6924,78.42,81,43,4.21,scattered clouds
366,Antalaha,MG,-14.9003,50.2788,66.31,91,21,7.7,few clouds
367,Iqaluit,CA,63.7506,-68.5145,40.73,80,40,12.66,scattered clouds
368,Atambua,ID,-9.1061,124.8925,82.24,55,73,2.24,broken clouds
369,Birao,CF,10.2849,22.7882,72.36,91,77,2.13,broken clouds
370,La Maddalena,IT,41.2142,9.4083,68.16,59,4,29.68,clear sky
371,San Patricio,US,28.017,-97.5169,90.32,42,7,7.45,clear sky
372,Camacha,PT,33.0833,-16.3333,65.62,68,75,12.66,broken clouds
373,Baykit,RU,61.67,96.37,24.98,90,76,1.21,broken clouds
374,Tuburan,PH,6.6439,122.2736,80.69,79,57,6.55,broken clouds
375,Pakala,IN,13.4667,79.1167,75.61,80,62,4.12,broken clouds
376,Novobirilyussy,RU,56.9514,90.6661,28.51,96,100,4.03,overcast clouds
377,Bilimbay,RU,56.9689,59.8149,20.12,96,6,6.11,clear sky
378,Ancud,CL,-41.8697,-73.8203,43.23,84,28,6.11,scattered clouds
379,Disna,BY,55.568,28.1971,43.0,94,66,6.11,broken clouds
380,Weihai,CN,37.5017,122.1136,67.5,73,0,1.52,clear sky
381,San Isidro,PE,-12.1167,-77.05,61.02,81,100,6.91,overcast clouds
382,Catamarca,AR,-28.4696,-65.7852,72.07,39,2,11.79,clear sky
383,Lompoc,US,34.6391,-120.4579,78.94,78,40,14.97,scattered clouds
384,Tual,ID,-5.6667,132.75,81.7,76,98,1.61,overcast clouds
385,Outlook,CA,51.5001,-107.0513,72.23,28,10,3.0,clear sky
386,Pangai,TO,-19.8,-174.35,78.91,69,75,11.5,broken clouds
387,Hamilton,US,39.1834,-84.5333,62.73,57,0,9.22,clear sky
388,Gazi,GR,35.3253,25.0669,64.2,77,20,9.22,few clouds
389,Novikovo,RU,51.1537,37.8879,50.32,89,100,6.64,light rain
390,Aksum,ET,14.1245,38.7244,58.41,60,98,2.95,overcast clouds
391,Ust-Tsilma,RU,65.441,52.1498,31.68,72,100,3.56,overcast clouds
392,Ust-Kuyga,RU,70.0167,135.6,25.75,93,98,2.46,overcast clouds
393,Horsham,GB,51.064,-0.3272,52.65,82,40,11.5,scattered clouds
394,Strathmore,CA,51.0501,-113.3852,79.36,28,44,11.5,scattered clouds
395,San Ramon,US,37.7799,-121.978,88.02,56,0,14.97,clear sky
396,Santa Marinella,IT,42.0345,11.8536,67.91,96,62,17.49,broken clouds
397,Bengkulu,ID,-3.8004,102.2655,76.37,86,78,4.52,broken clouds
398,Port Augusta,AU,-32.5,137.7667,57.52,55,29,16.98,scattered clouds
399,Kishni,IN,27.0247,79.2634,77.13,80,4,3.0,clear sky
400,Bilma,NE,18.6853,12.9164,91.98,11,2,7.29,clear sky
401,Turukhansk,RU,65.8167,87.9833,22.62,80,45,7.34,scattered clouds
402,Pangnirtung,CA,66.1451,-65.7125,37.89,57,40,1.23,scattered clouds
403,Aswan,EG,24.0934,32.907,90.34,27,29,6.8,scattered clouds
404,San Lazaro,BZ,18.0387,-88.6622,76.96,84,94,3.09,overcast clouds
405,Te Anau,NZ,-45.4167,167.7167,52.36,93,100,2.86,overcast clouds
406,Beipiao,CN,41.7919,120.7792,63.66,59,1,1.16,clear sky
407,Sarangani,PH,5.4033,125.4636,83.84,68,99,3.87,overcast clouds
408,Hammond,US,41.5834,-87.5,59.04,57,40,11.5,scattered clouds
409,Cabo San Lucas,MX,22.8909,-109.9124,90.7,58,0,8.05,clear sky
410,Cuamba,MZ,-14.8031,36.5372,74.26,53,33,9.73,scattered clouds
411,Saint-Francois,FR,46.4154,3.9054,51.24,93,75,6.91,broken clouds
412,Taoudenni,ML,22.6783,-3.9836,97.12,18,55,2.55,broken clouds
413,Krasnoshchekovo,RU,51.6708,82.7289,54.59,77,83,8.08,broken clouds
414,Churapcha,RU,62.0025,132.4325,33.48,91,100,6.64,light snow
415,Havre-Saint-Pierre,CA,50.2334,-63.5986,53.96,94,100,11.5,mist
416,Cayenne,GF,4.9333,-52.3333,80.64,83,0,3.44,clear sky
417,Merauke,ID,-8.4667,140.3333,82.2,78,91,10.16,light rain
418,Kizhinga,RU,51.8462,109.9097,44.08,75,100,9.1,moderate rain
419,Curvelo,BR,-18.7564,-44.4308,80.46,38,19,5.3,few clouds
420,Zalantun,CN,48.0,122.7167,47.28,60,13,8.99,few clouds
421,Palana,RU,59.1167,159.9667,42.48,55,0,4.76,clear sky
422,Kormilovka,RU,55.0026,74.1028,32.79,98,100,10.29,overcast clouds
423,Sao Joao Da Barra,BR,-21.6403,-41.0511,73.49,84,58,16.08,broken clouds
424,Pemberton,CA,50.3164,-122.8027,76.69,26,84,3.4,broken clouds
425,Kirakira,SB,-10.4544,161.9205,85.1,67,38,6.8,scattered clouds
426,Pleasanton,US,37.6624,-121.8747,88.52,51,0,13.8,clear sky
427,Grimshaw,CA,56.1834,-117.6027,71.22,49,75,6.91,broken clouds
428,Chumikan,RU,54.7183,135.315,43.38,75,88,23.71,overcast clouds
429,Bambous Virieux,MU,-20.3428,57.7575,70.05,68,75,11.5,light rain
430,Katherine,AU,-14.4667,132.2667,86.32,58,25,6.91,scattered clouds
431,Khash,IR,28.2211,61.2158,66.02,25,0,4.76,clear sky
432,Bindura,ZW,-17.3019,31.3306,64.87,43,13,2.51,few clouds
433,Taunggyi,MM,20.7833,97.0333,61.38,95,6,1.88,clear sky
434,Vestmannaeyjar,IS,63.4427,-20.2734,41.83,55,74,20.38,broken clouds
435,Nagato,JP,34.3833,131.2,67.32,92,100,10.2,moderate rain
436,Kargasok,RU,59.0556,80.8572,25.48,92,72,5.21,broken clouds
437,Dhidhdhoo,MV,6.8833,73.1,82.53,72,25,18.79,scattered clouds
438,Barela,IN,23.1,80.05,72.21,89,75,1.07,broken clouds
439,Rorvik,NO,64.8621,11.2373,55.51,62,20,12.66,few clouds
440,Ippy,CF,6.2679,21.2247,67.96,99,100,4.61,light rain
441,Kokstad,ZA,-30.5472,29.4241,58.44,90,97,2.01,overcast clouds
442,Rio Pomba,BR,-21.2747,-43.1792,70.59,78,100,3.69,overcast clouds
443,Pringsewu,ID,-5.3582,104.9744,77.36,88,98,3.56,overcast clouds
444,Leninsk,RU,48.7119,45.1994,54.88,88,99,5.88,overcast clouds
445,Grahamstown,ZA,-33.3042,26.5328,53.96,97,100,16.64,moderate rain
446,Mount Gambier,AU,-37.8333,140.7667,56.16,63,45,11.61,light rain
447,Grindavik,IS,63.8424,-22.4338,41.47,45,75,2.3,broken clouds
448,Itabira,BR,-19.6192,-43.2269,68.45,72,63,2.26,broken clouds
449,Wenling,CN,28.3669,121.36,73.09,81,93,7.94,overcast clouds
450,Pekan,MY,3.4836,103.3996,77.11,88,94,5.14,overcast clouds
451,Luchegorsk,RU,46.4764,134.2569,54.03,58,3,3.38,clear sky
452,San Cristobal,VE,7.7669,-72.225,75.38,91,70,2.71,broken clouds
453,Wageningen,NL,51.9667,5.6667,50.09,98,75,8.05,broken clouds
454,Varberg,SE,57.1056,12.2508,56.41,93,100,23.15,overcast clouds
455,Eyl,SO,7.9803,49.8164,77.5,80,52,16.26,broken clouds
456,Harqalah,TN,36.0303,10.509,78.66,60,75,2.3,broken clouds
457,Portel,BR,-1.9356,-50.8211,76.51,80,66,2.15,broken clouds
458,Ahipara,NZ,-35.1667,173.1667,64.45,60,64,13.65,broken clouds
459,Kingsteignton,GB,50.55,-3.5833,56.08,80,77,1.01,broken clouds
460,Lagoa,PT,39.05,-27.9833,69.87,70,100,16.11,overcast clouds
461,Iralaya,HN,15.0,-83.2333,80.62,82,92,6.98,overcast clouds
462,Plast,RU,54.3691,60.8136,31.1,93,100,9.04,light snow
463,Boende,CD,-0.2167,20.8667,70.43,99,38,2.19,moderate rain
464,Ossora,RU,59.2353,163.0719,44.37,61,63,9.48,broken clouds
465,Rocha,UY,-34.4833,-54.3333,55.06,98,50,3.62,scattered clouds
466,Porto Murtinho,BR,-21.6989,-57.8825,73.65,93,74,4.32,broken clouds
467,Iaciara,BR,-14.0958,-46.6317,80.91,42,58,5.17,broken clouds
468,Iwanai,JP,42.9744,140.5089,67.66,72,100,4.72,overcast clouds
469,Aykhal,RU,66.0,111.5,9.95,99,89,3.74,overcast clouds
470,Hobyo,SO,5.3505,48.5268,76.15,90,50,17.94,scattered clouds
471,Kahului,US,20.8947,-156.47,91.42,57,40,20.71,scattered clouds
472,Sjovegan,NO,68.8726,17.8474,48.88,90,98,8.41,overcast clouds
473,Fraga,ES,41.5229,0.3489,58.51,50,4,21.3,clear sky
474,Piacabucu,BR,-10.4056,-36.4344,73.17,77,16,6.98,few clouds
475,Aksu,CN,41.1231,80.2644,66.18,32,0,2.15,clear sky
476,Keuruu,FI,62.2667,24.7,46.58,93,75,4.27,broken clouds
477,Roswell,US,34.0232,-84.3616,73.18,58,0,9.22,clear sky
478,Ulaangom,MN,49.9811,92.0667,56.37,34,100,4.0,overcast clouds
479,Oranjemund,NA,-28.55,16.4333,53.49,90,0,3.09,clear sky
480,Mackay,AU,-21.15,149.2,82.69,64,0,6.29,clear sky
481,La Plaine,DM,15.3333,-61.25,76.64,83,71,12.64,light rain
482,Tuatapere,NZ,-46.1333,167.6833,54.77,93,100,2.48,light rain
483,Manado,ID,1.487,124.8455,84.97,61,20,3.44,few clouds
484,Alofi,NU,-19.0595,-169.9187,73.9,86,100,3.0,moderate rain
485,Parana,AR,-31.732,-60.5238,67.51,55,0,5.37,clear sky
486,Goundi,TD,9.3627,17.366,71.15,97,100,4.05,light rain
487,Leningradskiy,RU,69.3833,178.4167,31.71,84,100,7.72,light snow
488,Strezhevoy,RU,60.7333,77.5889,24.17,89,47,5.3,scattered clouds
489,Nabire,ID,-3.3667,135.4833,81.68,76,90,0.51,overcast clouds
490,Arlit,NE,18.7369,7.3853,95.54,14,23,9.71,few clouds
491,Tura,IN,25.5198,90.2201,72.07,89,99,2.62,overcast clouds
492,Killybegs,IE,54.6333,-8.45,53.89,72,100,22.35,overcast clouds
493,Waipawa,NZ,-41.4122,175.5153,58.12,59,98,4.63,overcast clouds
494,Vanimo,PG,-2.6741,141.3028,83.61,74,75,6.8,broken clouds
495,Itarema,BR,-2.9248,-39.9167,78.53,82,79,15.39,broken clouds
496,Shimoda,JP,34.6667,138.95,75.56,75,16,12.28,few clouds
497,Cockburn Town,TC,21.4612,-71.1419,82.65,81,66,20.04,broken clouds
498,Riyadh,SA,24.6877,46.7219,77.14,25,0,5.75,clear sky
499,Inta,RU,66.0317,60.1659,28.89,70,37,5.66,scattered clouds
500,Orasac,BA,44.6289,16.0711,54.14,97,5,5.26,clear sky
501,Kenai,US,60.5544,-151.2583,49.14,78,100,9.22,light rain
502,Saint-Gabriel,CA,46.3001,-73.3824,55.08,93,97,3.94,moderate rain
503,Brae,GB,60.3964,-1.353,47.3,82,100,16.98,light rain
504,Huambo,AO,-12.7761,15.7392,65.35,64,98,5.84,light rain
505,Kashan,IR,33.9831,51.4364,76.55,20,0,4.74,clear sky
506,San-Pedro,CI,4.7485,-6.6363,74.55,93,91,4.83,light rain
507,Griffith,US,41.5284,-87.4237,58.95,59,40,11.5,scattered clouds
508,Bereda,ES,43.2686,-7.5406,54.41,100,64,2.06,broken clouds
509,Grand Gaube,MU,-20.0064,57.6608,70.2,66,88,4.0,overcast clouds
510,Flers,FR,48.7372,-0.5747,52.05,89,96,8.21,overcast clouds
511,Thinadhoo,MV,0.5333,72.9333,81.36,76,96,15.17,light rain
512,San Vicente De Canete,PE,-13.0751,-76.3835,61.16,84,20,3.94,few clouds
513,Sao Geraldo Do Araguaia,BR,-6.4006,-48.555,80.06,63,51,1.32,broken clouds
514,Nanortalik,GL,60.1432,-45.2371,44.64,93,100,12.88,overcast clouds
515,Bitung,ID,1.4451,125.1824,85.05,71,99,6.22,overcast clouds
516,Krasnogvardeyskoye,RU,45.8456,41.5186,55.78,64,55,7.94,broken clouds
517,Ribas Do Rio Pardo,BR,-20.4431,-53.7592,74.05,78,78,4.52,light rain
518,Russkaya Polyana,UA,49.417,31.9201,58.82,82,100,11.14,overcast clouds
519,Nageshwari,BD,25.9377,89.7148,77.18,88,96,3.74,overcast clouds
520,Buin,CL,-33.7333,-70.75,62.11,72,100,3.13,overcast clouds
521,Canutama,BR,-6.5339,-64.3831,89.96,33,75,2.62,broken clouds
522,Dicabisagan,PH,17.0818,122.4157,82.06,77,94,0.67,overcast clouds
523,Caucaia,BR,-3.7361,-38.6531,80.55,74,40,13.8,scattered clouds
524,Begoro,GH,6.3871,-0.3774,67.86,96,100,2.24,overcast clouds
525,Marawi,PH,7.9986,124.2928,77.29,67,97,4.83,overcast clouds
526,Mildura,AU,-34.2,142.15,53.08,82,75,11.5,broken clouds
527,Saquarema,BR,-22.92,-42.5103,69.94,86,98,12.44,overcast clouds
528,Binzhou,CN,37.3667,118.0167,67.42,60,55,1.25,broken clouds
529,Lamesa,US,32.7376,-101.951,80.53,31,0,5.37,clear sky
530,Kapit,MY,2.0167,112.9333,75.02,98,100,0.72,overcast clouds
531,Haveri,IN,14.8,75.4,68.94,90,100,5.03,overcast clouds
532,Sanming,CN,26.2486,117.6186,80.65,72,10,2.19,clear sky
533,Santa Eulalia,PE,-11.85,-76.6833,32.0,51,22,1.59,few clouds
534,Pailitas,CO,8.9565,-73.6255,78.22,89,78,2.68,broken clouds
535,Mehran,IR,33.1222,46.1646,79.12,21,0,8.93,clear sky
536,Kuzino,RU,57.0224,59.4412,19.47,95,5,5.06,clear sky
537,Airai,TL,-8.9266,125.4092,72.1,43,58,0.78,broken clouds
538,Wewak,PG,-3.5534,143.6268,84.85,68,73,6.64,broken clouds
539,Teguise,ES,29.0605,-13.564,66.42,83,20,8.05,few clouds
540,Paris,FR,48.8534,2.3488,52.3,88,100,9.22,overcast clouds
541,Rindal,NO,63.0565,9.2124,46.8,87,97,6.69,overcast clouds
542,Tessalit,ML,20.1986,1.0114,88.57,24,24,9.48,few clouds
543,Pointe Michel,DM,15.25,-61.3833,77.29,78,67,12.95,broken clouds
544,Pelym,RU,61.0108,61.9978,28.92,74,70,4.14,broken clouds
545,Santa Isabel,BR,-23.3156,-46.2214,61.9,96,98,3.65,overcast clouds
546,Karratha,AU,-20.7377,116.8463,74.73,20,15,21.9,few clouds
547,Pereira Barreto,BR,-20.6383,-51.1092,69.13,91,91,13.09,overcast clouds
548,Itanhaem,BR,-24.1831,-46.7889,66.83,91,100,6.51,overcast clouds
549,Sechura,PE,-5.5569,-80.8222,64.98,73,32,17.96,scattered clouds
550,Skjervoy,NO,70.0311,20.9714,46.4,74,40,19.24,scattered clouds
551,Komsomolskiy,UZ,40.4272,71.7189,59.72,44,0,6.91,clear sky
552,Tielt,BE,51.0037,3.3672,54.66,83,97,5.01,overcast clouds
553,Pangoa,PE,-12.1167,-73.0,69.71,94,97,3.36,overcast clouds
554,Nalut,LY,30.3333,10.85,83.12,22,66,4.34,broken clouds
555,Ust-Ordynskiy,RU,52.805,104.7508,35.82,85,100,5.08,overcast clouds
556,Eslamshahr,IR,35.5605,51.2346,72.84,44,0,6.91,clear sky
557,Knysna,ZA,-34.0363,23.0471,62.35,92,96,11.59,overcast clouds
558,Abhar,IR,36.1468,49.218,54.88,82,6,3.87,clear sky
559,Santa Cruz Cabralia,BR,-16.2781,-39.0247,73.63,94,75,3.44,broken clouds
560,Mandalgovi,MN,45.7625,106.2708,54.73,24,2,9.73,clear sky
561,Olivenza,ES,38.6832,-7.103,61.32,41,2,4.12,clear sky
562,Neiafu,TO,-18.65,-173.9833,79.48,89,75,8.05,broken clouds
563,Kloulklubed,PW,7.0419,134.2556,81.1,78,100,8.37,light rain
564,Gemena,CD,3.25,19.7667,69.91,99,100,1.43,light rain
565,Shamary,RU,57.3434,58.2199,19.36,97,16,4.7,few clouds
566,Zyukayka,RU,58.2025,54.7003,26.13,92,6,5.7,clear sky
567,General Pico,AR,-35.6566,-63.7568,60.91,34,19,0.81,few clouds
568,Quang Ngai,VN,15.1167,108.8,73.18,92,100,8.28,very heavy rain
569,Bistret,RO,43.9,23.5,60.93,92,100,4.16,light rain
570,Kalabo,ZM,-14.97,22.6814,73.27,28,61,6.06,broken clouds
571,Harrismith,ZA,-28.2728,29.1295,58.84,66,26,5.23,scattered clouds
572,Masumbwe,TZ,-3.6333,32.1833,71.37,45,39,8.72,scattered clouds
573,Chernogorsk,RU,53.8236,91.2842,40.57,93,75,2.24,light intensity shower rain
574,De Aar,ZA,-30.6497,24.0123,56.95,17,4,7.81,clear sky
575,Asosa,ET,10.0667,34.5333,60.66,88,100,4.54,overcast clouds
576,Batagay,RU,67.6333,134.6333,29.59,83,97,5.06,overcast clouds
577,Sorong,ID,-0.8833,131.25,79.47,84,100,6.02,overcast clouds
578,Sri Aman,MY,1.2376,111.4621,77.05,94,20,3.44,few clouds
579,Price,US,39.5994,-110.8107,81.12,13,0,3.44,clear sky
580,Leshukonskoye,RU,64.8989,45.7622,30.47,84,16,4.74,few clouds
581,Umm Lajj,SA,25.0213,37.2685,88.97,38,4,9.6,clear sky
582,Casper,US,42.8666,-106.3131,78.73,24,0,6.91,clear sky
583,Batemans Bay,AU,-35.7167,150.1833,60.1,95,99,4.72,overcast clouds
584,Pacific Grove,US,36.6177,-121.9166,73.38,83,75,8.05,broken clouds
585,Iraucuba,BR,-3.7461,-39.7833,76.78,76,45,6.87,scattered clouds
586,Sao Lourenco Do Sul,BR,-31.3653,-51.9783,62.29,85,57,6.17,broken clouds
587,Talnakh,RU,69.4865,88.3972,21.81,85,70,3.06,broken clouds
588,Flinders,AU,-34.5833,150.8552,65.17,82,94,5.99,light rain
589,Eureka,US,40.8021,-124.1637,90.75,85,19,3.0,few clouds
590,Kahta,TR,37.7855,38.6237,70.97,15,0,3.24,clear sky
591,Popova,RU,42.9603,131.7228,61.48,82,0,12.44,clear sky
592,Rundu,NA,-17.9333,19.7667,71.46,26,57,1.23,broken clouds
593,Belyy Yar,RU,53.6039,91.3903,40.89,93,75,2.24,light intensity shower rain
594,Nikel,RU,69.4128,30.222,42.98,86,100,3.69,overcast clouds
595,Jacareacanga,BR,-6.2222,-57.7528,83.8,51,68,2.04,broken clouds
596,Altamont,US,42.2068,-121.7372,87.78,24,20,13.8,few clouds
597,Tegal,ID,-6.8694,109.1402,78.98,72,89,6.98,overcast clouds
598,Rio Gallegos,AR,-51.6226,-69.2181,42.85,56,0,17.27,clear sky
599,Ilhabela,BR,-23.7781,-45.3581,67.33,92,100,5.5,light rain
600,Vostok,RU,46.4856,135.8833,51.66,52,19,4.29,few clouds
601,Chabahar,IR,25.2919,60.643,79.74,75,68,4.25,broken clouds
602,Boden,SE,65.8252,21.6886,46.4,98,89,2.91,overcast clouds
603,Oktyabrskoye,RU,43.0645,44.7417,41.14,93,10,4.47,clear sky
604,Holyoke,US,42.2043,-72.6162,60.3,89,40,5.75,scattered clouds
605,Campobasso,IT,41.6333,14.5833,61.41,94,48,7.87,scattered clouds
606,Sistranda,NO,63.7256,8.834,53.56,71,100,27.27,light rain
607,Los Chiles,CR,11.0333,-84.7167,76.41,93,88,1.81,light rain
608,Safford,US,32.834,-109.7076,88.72,30,0,13.8,clear sky
609,Sur,OM,22.5667,59.5289,79.75,76,1,5.53,clear sky
610,Akhisar,TR,38.9185,27.8401,59.49,38,100,2.46,overcast clouds
611,Moranbah,AU,-22.0016,148.0466,77.68,52,5,2.71,clear sky
612,Charters Towers,AU,-20.1,146.2667,81.0,47,1,11.12,clear sky
613,Nelson,NZ,-41.2833,173.2833,57.31,61,99,3.6,overcast clouds
614,Baraboo,US,43.4711,-89.7443,56.93,68,100,6.91,overcast clouds
615,Bentiu,SS,9.2333,29.8333,74.5,80,99,1.66,overcast clouds
616,Luderitz,NA,-26.6481,15.1594,53.49,84,0,4.25,clear sky
617,Pawai,IN,24.2667,80.1667,74.84,86,70,3.58,broken clouds
618,Axim,GH,4.8699,-2.2405,74.75,91,80,7.58,broken clouds
619,Seymchan,RU,62.8833,152.4333,36.18,60,76,4.45,broken clouds
620,Mana,GF,5.6592,-53.7767,80.44,84,8,13.53,clear sky
621,Saint-Joseph,RE,-21.3667,55.6167,64.78,71,30,12.73,scattered clouds
622,Anloga,GH,5.7947,0.8973,76.64,85,97,6.78,overcast clouds
623,Melendugno,IT,40.2747,18.3368,72.05,88,40,11.5,scattered clouds
624,Roma,US,43.2128,-75.4557,54.82,87,75,4.61,broken clouds
625,Novo Aripuana,BR,-5.1206,-60.3797,84.74,47,81,1.01,broken clouds
626,Porto Novo,BJ,6.4965,2.6036,73.22,94,100,3.02,moderate rain
627,Mayna,RU,54.1135,47.6231,41.13,94,88,5.26,overcast clouds
628,Kiunga,PG,-6.1219,141.2906,77.38,83,100,2.59,overcast clouds
629,Nouadhibou,MR,20.931,-17.0347,75.18,94,20,14.97,thunderstorm with light rain
630,Takoradi,GH,4.8845,-1.7554,74.07,92,97,8.21,overcast clouds
631,Dickinson,US,29.4608,-95.0513,89.02,48,0,9.22,clear sky
632,Broome,US,42.2506,-75.833,55.0,83,0,8.05,clear sky
633,Yaan,NG,7.3833,8.5667,71.67,96,95,5.21,light rain
634,Kinsale,IE,51.7075,-8.5306,54.77,76,40,12.66,scattered clouds
635,Zhigansk,RU,66.7697,123.3711,31.44,94,100,8.75,overcast clouds
636,Wanning,CN,18.8003,110.3967,76.51,81,100,21.85,overcast clouds
637,El Alto,PE,-4.2714,-81.2147,62.26,82,36,17.6,scattered clouds
638,Ankpa,NG,7.3706,7.6253,70.77,97,85,8.63,overcast clouds
639,Farnham,GB,51.2143,-0.7959,52.2,72,40,13.8,scattered clouds
640,Naifaru,MV,5.4444,73.3657,82.33,74,26,15.97,scattered clouds
641,Linfen,CN,36.0889,111.5189,72.03,29,100,1.95,overcast clouds
642,Onega,RU,63.9061,38.1404,41.27,88,58,7.85,broken clouds
643,La Orilla,MX,17.9833,-102.2333,81.63,83,99,2.21,overcast clouds
644,Gallup,US,35.5281,-108.7426,74.16,36,0,0.0,clear sky
645,Katobu,ID,-4.9408,122.5276,81.5,68,78,1.92,broken clouds
646,Yamada,JP,39.4667,141.95,70.18,68,62,4.47,broken clouds
647,Amarwara,IN,22.3,79.1667,68.83,88,81,4.68,broken clouds
648,Tommot,RU,58.9564,126.2925,33.46,65,15,6.26,few clouds
649,Gizo,SB,-8.103,156.8419,83.53,68,8,3.24,clear sky
650,Can,TR,40.0333,27.0524,59.04,51,99,4.76,overcast clouds
651,Sioux Lookout,CA,50.1001,-91.917,41.07,70,40,4.61,scattered clouds
652,At-Bashi,KG,41.1702,75.8106,45.73,30,0,1.14,clear sky
653,Nola,IT,40.922,14.5329,67.93,88,36,3.09,scattered clouds
654,Cabedelo,BR,-6.9811,-34.8339,75.87,78,9,13.89,clear sky
655,Mercedes,AR,-34.6515,-59.4307,63.79,47,21,5.35,few clouds
656,Kargopol,RU,61.5071,38.9456,40.39,96,100,5.68,overcast clouds
657,Verkhnevilyuysk,RU,63.4453,120.3167,32.2,80,100,5.86,overcast clouds
658,Alirajpur,IN,22.3031,74.3546,71.29,89,15,4.47,few clouds
659,Lazurne,UA,46.084,32.5295,65.44,79,100,15.99,overcast clouds
660,Placido De Castro,BR,-10.3353,-67.1856,83.66,39,7,2.28,clear sky
661,Mendoza,AR,-32.8908,-68.8272,65.73,34,0,3.44,clear sky
662,Falun,SE,60.6036,15.626,50.41,96,100,6.89,overcast clouds
663,Lavrentiya,RU,65.5833,-171.0,39.4,94,100,12.48,overcast clouds
664,General Roca,AR,-39.0333,-67.5833,62.62,38,5,21.5,clear sky
665,Kibakwe,TZ,-6.7167,36.3667,60.33,93,31,4.94,scattered clouds
666,Shenjiamen,CN,29.9576,122.298,74.23,77,100,11.97,overcast clouds
667,Aklavik,CA,68.2191,-135.0107,35.89,81,100,9.4,overcast clouds
668,Malakal,SS,9.5334,31.6605,73.09,84,99,2.57,overcast clouds
669,Bubaque,GW,11.2833,-15.8333,80.64,77,100,12.24,light rain
670,Llanes,ES,43.4198,-4.7549,63.16,74,93,19.73,overcast clouds
671,Kosai,JP,34.7105,137.5316,79.5,68,46,5.01,scattered clouds
672,Benguela,AO,-12.5763,13.4055,70.29,82,70,2.53,broken clouds
673,Lorengau,PG,-2.0226,147.2712,85.8,65,87,8.63,overcast clouds
674,Conceicao Do Araguaia,BR,-8.2578,-49.2647,81.7,54,7,4.16,clear sky
675,Kingman,US,35.1894,-114.053,95.18,8,0,5.75,clear sky
676,Snyder,US,32.7179,-100.9176,82.31,21,0,5.75,clear sky
677,Puerto Rico,AR,-26.796,-55.024,61.41,99,26,2.33,scattered clouds
678,Lamont,US,35.2597,-118.9143,98.08,32,46,5.88,scattered clouds
679,Amahai,ID,-3.3333,128.9167,82.27,74,100,1.92,overcast clouds
680,Nichinan,JP,31.6,131.3667,78.48,72,33,3.69,scattered clouds
681,Vao,NC,-22.6667,167.4833,72.93,77,0,3.06,clear sky
682,Jacqueville,CI,5.2052,-4.4146,75.79,87,96,11.25,overcast clouds
683,Crestview,US,30.7621,-86.5705,85.24,60,0,6.91,moderate rain
684,Ampanihy,MG,-24.7,44.75,68.81,70,0,4.7,clear sky
685,Bang Saphan,TH,11.2126,99.5117,79.02,83,100,5.14,overcast clouds
686,Labuhan,ID,-6.8844,112.2051,82.56,63,58,10.31,broken clouds
687,Arica,CL,-18.475,-70.3042,60.35,72,100,8.05,overcast clouds
688,Columbus,US,39.9612,-82.9988,61.05,64,75,14.97,broken clouds
689,Asyut,EG,27.181,31.1837,86.41,24,0,6.55,clear sky
690,Norwich,GB,52.6278,1.2983,49.24,92,75,9.22,broken clouds
691,Shieli,KZ,44.1667,66.75,54.91,55,7,7.54,clear sky
692,Neuquen,AR,-38.9516,-68.0591,62.49,27,0,13.8,clear sky
693,Bowen,AU,-20.0167,148.2333,78.17,63,0,11.12,clear sky
694,Makakilo City,US,21.3469,-158.0858,86.61,54,0,13.8,clear sky
695,Nago,JP,26.5881,127.9761,84.63,73,59,7.25,broken clouds
696,Manokwari,ID,-0.8667,134.0833,83.26,71,80,4.09,broken clouds
697,Byron Bay,AU,-28.65,153.6167,75.7,60,100,12.84,overcast clouds
698,La Libertad,EC,-2.2333,-80.9,68.47,84,100,12.28,overcast clouds
